URL,Rating,Review Count
https://www.amazon.in/dp/B084WZZ6LH,3.7 out of 5,"2,639 global ratings"
https://www.amazon.in/dp/B084WQQH74,3.7 out of 5,"2,639 global ratings"
https://www.amazon.in/dp/B07FL5R5VY,3.5 out of 5,"1,679 global ratings"
https://www.amazon.in/dp/B07QBHDYHP,3.8 out of 5,"1,295 global ratings"
https://www.amazon.in/dp/B09H6ZS45Y,3.7 out of 5,"1,020 global ratings"
https://www.amazon.in/dp/B0B4NRSHZ1,3.7 out of 5,"1,020 global ratings"
https://www.amazon.in/dp/B0BPH4M4MB,3.7 out of 5,"1,020 global ratings"
https://www.amazon.in/dp/B0B1PXDJL6,3.7 out of 5,"1,020 global ratings"
https://www.amazon.in/dp/B09XXBRWDC,3.7 out of 5,"1,020 global ratings"
https://www.amazon.in/dp/B095GQP8Q1,3.8 out of 5,936 global ratings
https://www.amazon.in/dp/B0CLJJWJT8,3.5 out of 5,901 global ratings
https://www.amazon.in/dp/B0BS117NJY,3.5 out of 5,901 global ratings
https://www.amazon.in/dp/B0BRZZQY42,3.5 out of 5,901 global ratings
https://www.amazon.in/dp/B0CNLZ4TGM,3.5 out of 5,901 global ratings
https://www.amazon.in/dp/B0B9GMLPVT,3.5 out of 5,901 global ratings
https://www.amazon.in/dp/B0BP1KDZK7,3.5 out of 5,901 global ratings
https://www.amazon.in/dp/B0BKZT3Y8S,3.5 out of 5,901 global ratings
https://www.amazon.in/dp/B0BKZVXTMC,3.5 out of 5,901 global ratings
https://www.amazon.in/dp/B07M6KXXB9,3.7 out of 5,897 global ratings
https://www.amazon.in/dp/B07Z3L93BZ,3.6 out of 5,726 global ratings
https://www.amazon.in/dp/B082R2NSGJ,3.4 out of 5,640 global ratings
https://www.amazon.in/dp/B0BHLBBJSF,3.5 out of 5,561 global ratings
https://www.amazon.in/dp/B093SD6W5V,3.5 out of 5,561 global ratings
https://www.amazon.in/dp/B0BRFWRC4K,3.7 out of 5,518 global ratings
https://www.amazon.in/dp/B0CQXQJRQY,3.7 out of 5,518 global ratings
https://www.amazon.in/dp/B0BT71MDL7,3.7 out of 5,518 global ratings
https://www.amazon.in/dp/B0CV7QXD38,3.7 out of 5,518 global ratings
https://www.amazon.in/dp/B0CV7D1VP1,3.7 out of 5,518 global ratings
https://www.amazon.in/dp/B0CV7MP2PN,3.7 out of 5,518 global ratings
https://www.amazon.in/dp/B0BPXL5D5R,3.7 out of 5,518 global ratings
https://www.amazon.in/dp/B0BXKYK3H1,3.7 out of 5,518 global ratings
https://www.amazon.in/dp/B0D9LXTN39,3.5 out of 5,5 global ratings
https://www.amazon.in/dp/B09TP4N67B,3.7 out of 5,427 global ratings
https://www.amazon.in/dp/B0BNHPB519,3.7 out of 5,427 global ratings
https://www.amazon.in/dp/B0BNHPMZ2P,3.7 out of 5,427 global ratings
https://www.amazon.in/dp/B09XXC57WZ,3.7 out of 5,427 global ratings
https://www.amazon.in/dp/B08LKFZ81S,3.3 out of 5,410 global ratings
https://www.amazon.in/dp/B08LKS5R8Q,3.3 out of 5,410 global ratings
https://www.amazon.in/dp/B07Q759TH4,3.7 out of 5,385 global ratings
https://www.amazon.in/dp/B095HG1VR7,3.1 out of 5,361 global ratings
https://www.amazon.in/dp/B07MDWZJHS,3.8 out of 5,312 global ratings
https://www.amazon.in/dp/B07Y3FG4X8,3.5 out of 5,296 global ratings
https://www.amazon.in/dp/B0BFDW9LV2,3.7 out of 5,249 global ratings
https://www.amazon.in/dp/B0BG82Q58P,3.5 out of 5,233 global ratings
https://www.amazon.in/dp/B0BKZK3NK9,3.1 out of 5,210 global ratings
https://www.amazon.in/dp/B0BNDJQ9K7,3.1 out of 5,210 global ratings
https://www.amazon.in/dp/B08M677833,3.6 out of 5,207 global ratings
https://www.amazon.in/dp/B086HW49MQ,3.7 out of 5,197 global ratings
https://www.amazon.in/dp/B07QVYQGG7,3.7 out of 5,194 global ratings
https://www.amazon.in/dp/B0BP1H4R3B,2.9 out of 5,171 global ratings
https://www.amazon.in/dp/B0BVFDWQTG,2.9 out of 5,171 global ratings
https://www.amazon.in/dp/B0BFDX1R1H,2.9 out of 5,171 global ratings
https://www.amazon.in/dp/B08LG32LWV,3.5 out of 5,136 global ratings
https://www.amazon.in/dp/B08M3L2956,3.7 out of 5,116 global ratings
https://www.amazon.in/dp/B08MZYKKC7?ref=myi_title_dp,3.7 out of 5,116 global ratings
https://www.amazon.in/dp/B095GVBVFJ,3.5 out of 5,90 global ratings
https://www.amazon.in/dp/B08LDM8PXZ?ref=myi_title_dp,3.5 out of 5,86 global ratings
https://www.amazon.in/dp/B0CF9RDG3N,3.4 out of 5,84 global ratings
https://www.amazon.in/dp/B0CK8DLJYQ,3.4 out of 5,84 global ratings
https://www.amazon.in/dp/B07PRXTW4T?ref=myi_title_dp,3.6 out of 5,79 global ratings
https://www.amazon.in/dp/B08MZS1LF4?ref=myi_title_dp,3.6 out of 5,68 global ratings
https://www.amazon.in/dp/B09HTS5DG3,2.8 out of 5,68 global ratings
https://www.amazon.in/dp/B098QHZF75,3.2 out of 5,51 global ratings
https://www.amazon.in/dp/B09CMJH2JN,2.9 out of 5,44 global ratings
https://www.amazon.in/dp/B0BS166T7K,3.3 out of 5,43 global ratings
https://www.amazon.in/dp/B0BKZGRVKM,3.3 out of 5,43 global ratings
https://www.amazon.in/dp/B08M3HJ4HF?ref=myi_title_dp,3.6 out of 5,42 global ratings
https://www.amazon.in/dp/B07W61JTXH,3.5 out of 5,39 global ratings
https://www.amazon.in/dp/B08X6D5MH4,3.2 out of 5,39 global ratings
https://www.amazon.in/dp/B0BRKJ3L48,2.6 out of 5,32 global ratings
https://www.amazon.in/dp/B084LDL48J?ref=myi_title_dp,2.2 out of 5,30 global ratings
https://www.amazon.in/dp/B0CD77P32Q?ref=myi_title_dp,3.2 out of 5,29 global ratings
https://www.amazon.in/dp/B0BGHKKZ8W?ref=myi_title_dp,3 out of 5,29 global ratings
https://www.amazon.in/dp/B07YTWHVNP,3.5 out of 5,28 global ratings
https://www.amazon.in/dp/B0CQXTVLY1,3.8 out of 5,26 global ratings
https://www.amazon.in/dp/B0D6WCFLQQ,3.8 out of 5,26 global ratings
https://www.amazon.in/dp/B0D7S7NMK2?th=1&psc=1,3.8 out of 5,26 global ratings
https://www.amazon.in/dp/B0D6WGVZBZ,3.8 out of 5,26 global ratings
https://www.amazon.in/dp/B0D9K748P1,3.8 out of 5,26 global ratings
https://www.amazon.in/dp/B0DFWSTTQF,3.8 out of 5,26 global ratings
https://www.amazon.in/dp/B0DHPGX8S5,3.8 out of 5,26 global ratings
https://www.amazon.in/dp/B0DJ93TH22,3.8 out of 5,26 global ratings
https://www.amazon.in/dp/B0DJ9286RY,3.8 out of 5,26 global ratings
https://www.amazon.in/dp/B0DJ949L85,3.8 out of 5,26 global ratings
https://www.amazon.in/dp/B0D9K4X1RP,3.8 out of 5,26 global ratings
https://www.amazon.in/dp/B0D9K6X4WF,3.8 out of 5,26 global ratings
https://www.amazon.in/dp/B098QFVLD4?ref=myi_title_dp,3.1 out of 5,25 global ratings
https://www.amazon.in/dp/B096V7TTTG?ref=myi_title_dp,3 out of 5,21 global ratings
https://www.amazon.in/dp/B0BS6DL82Y?ref=myi_title_dp,3.8 out of 5,20 global ratings
https://www.amazon.in/dp/B0BS6FBHFB,3.8 out of 5,20 global ratings
https://www.amazon.in/dp/B0B4W7FPVN?ref=myi_title_dp,2.8 out of 5,16 global ratings
https://www.amazon.in/dp/B0C3ZWW6GS,3.4 out of 5,16 global ratings
https://www.amazon.in/dp/B0CK8GZ6D5,3.4 out of 5,16 global ratings
https://www.amazon.in/dp/B0D1Y5459D,3.3 out of 5,15 global ratings
https://www.amazon.in/dp/B08V88G3SX?ref=myi_title_dp,2.8 out of 5,15 global ratings
https://www.amazon.in/dp/B0D7SMPQ17?ref=myi_title_dp,3.9 out of 5,15 global ratings
https://www.amazon.in/dp/B09TP3VRX3,3.2 out of 5,14 global ratings
https://www.amazon.in/dp/B0B972GDT9?ref=myi_title_dp,3.7 out of 5,13 global ratings
https://www.amazon.in/dp/B0CKFJF53R,3.7 out of 5,13 global ratings
https://www.amazon.in/dp/B0CKFJFPRL,3.7 out of 5,13 global ratings
https://www.amazon.in/dp/B0B93M8Q4Z?ref=myi_title_dp,2.9 out of 5,13 global ratings
https://www.amazon.in/dp/B0BVHTCG1Z,3.7 out of 5,13 global ratings
https://www.amazon.in/dp/B09XTRCC2B?ref=myi_title_dp,3.7 out of 5,13 global ratings
https://www.amazon.in/dp/B08PYW2141?ref=myi_title_dp,4.1 out of 5,13 global ratings
https://www.amazon.in/dp/B0CKFDSWWZ,3.7 out of 5,13 global ratings
https://www.amazon.in/dp/B0BLH7XJKP,3.4 out of 5,13 global ratings
https://www.amazon.in/dp/B0B749VCR8?ref=myi_title_dp,3.3 out of 5,12 global ratings
https://www.amazon.in/dp/B07M6KY278?ref=myi_title_dp,3.8 out of 5,12 global ratings
https://www.amazon.in/dp/B0CJMH3V64,4.4 out of 5,11 global ratings
https://www.amazon.in/dp/B0CL4XVFNY,4.1 out of 5,11 global ratings
https://www.amazon.in/dp/B08MF8D625,3.8 out of 5,11 global ratings
https://www.amazon.in/dp/B08TWKWDRJ?ref=myi_title_dp,3.6 out of 5,10 global ratings
https://www.amazon.in/dp/B092L9T64B,3.1 out of 5,10 global ratings
https://www.amazon.in/dp/B0BGPDY8T3?ref=myi_title_dp,3.4 out of 5,9 global ratings
https://www.amazon.in/dp/B0CR1JHFBW,3.3 out of 5,9 global ratings
https://www.amazon.in/dp/B0DCCB5JVX,3.3 out of 5,9 global ratings
https://www.amazon.in/dp/B0DCC53764,3.3 out of 5,9 global ratings
https://www.amazon.in/dp/B083RCJVLR,3.2 out of 5,9 global ratings
https://www.amazon.in/dp/B09WYYVLJP,3.1 out of 5,9 global ratings
https://www.amazon.in/dp/B0BN16GSQF,3.7 out of 5,8 global ratings
https://www.amazon.in/dp/B0BPGMBPZX,3.5 out of 5,8 global ratings
https://www.amazon.in/dp/B0C7W42JR5?ref=myi_title_dp,3.5 out of 5,8 global ratings
https://www.amazon.in/dp/B0BNHSFDSH,3.5 out of 5,8 global ratings
https://www.amazon.in/dp/B0B4W5GG5P?ref=myi_title_dp,3.1 out of 5,8 global ratings
https://www.amazon.in/dp/B0DCW5Y213,4.2 out of 5,8 global ratings
https://www.amazon.in/dp/B0D9LV1YSJ,4.2 out of 5,8 global ratings
https://www.amazon.in/dp/B0C3YV6FN9,2.4 out of 5,7 global ratings
https://www.amazon.in/dp/B0BP2151TZ?ref=myi_title_dp,3.6 out of 5,7 global ratings
https://www.amazon.in/dp/B0BQHP1CLP,3.6 out of 5,7 global ratings
https://www.amazon.in/dp/B0BQMC8H97,3.6 out of 5,7 global ratings
https://www.amazon.in/dp/B0CSDN1SC8,3.6 out of 5,7 global ratings
https://www.amazon.in/dp/B0D7SMC4QZ,3.6 out of 5,7 global ratings
https://www.amazon.in/dp/B08YXBDDBD?ref=myi_title_dp,3.2 out of 5,7 global ratings
https://www.amazon.in/dp/B09YD3DB17?ref=myi_title_dp,2.6 out of 5,7 global ratings
https://www.amazon.in/dp/B0B9GJTBSR,2.8 out of 5,6 global ratings
https://www.amazon.in/dp/B0C657HXLD,3.2 out of 5,6 global ratings
https://www.amazon.in/dp/B0C65BPZTQ,3.2 out of 5,6 global ratings
https://www.amazon.in/dp/B0CL4ZQD45,3.2 out of 5,6 global ratings
https://www.amazon.in/dp/B095H64JWW,3 out of 5,6 global ratings
https://www.amazon.in/dp/B0B2RFLT1V,3.4 out of 5,6 global ratings
https://www.amazon.in/dp/B0D1K5J9YG,3 out of 5,5 global ratings
https://www.amazon.in/dp/B07P84JY5N,3.3 out of 5,5 global ratings
https://www.amazon.in/dp/B0CW3K1C7B?ref=myi_title_dp,5 out of 5,5 global ratings
https://www.amazon.in/dp/B0DGLLD677,3.5 out of 5,5 global ratings
https://www.amazon.in/dp/B0DJD6Z7S1,3.5 out of 5,5 global ratings
https://www.amazon.in/dp/B0CXHWCFVW?ref=myi_title_dp,0,0
https://www.amazon.in/dp/B0CVXRVBS8?ref=myi_title_dp,3 out of 5,1 global rating
https://www.amazon.in/dp/B0DBV7KSWK,3.5 out of 5,5 global ratings
https://www.amazon.in/dp/B0BN34Z2NJ,4.6 out of 5,6 global ratings
https://www.amazon.in/dp/B0BLGK7725,3.9 out of 5,4 global ratings
https://www.amazon.in/dp/B0CD78GC4K,3.9 out of 5,4 global ratings
https://www.amazon.in/dp/B0D6WF3KP9?th=1&psc=1,3.9 out of 5,4 global ratings
https://www.amazon.in/dp/B0BS92P5D4?ref=myi_title_dp,3.8 out of 5,4 global ratings
https://www.amazon.in/dp/B08LZKYZYG?ref=myi_title_dp,4.4 out of 5,4 global ratings
https://www.amazon.in/dp/B083RBXG97?ref=myi_title_dp,2.8 out of 5,4 global ratings
https://www.amazon.in/dp/B0BNN6DP5D,4.1 out of 5,4 global ratings
https://www.amazon.in/dp/B0CQYW9YSB,3.9 out of 5,4 global ratings
https://www.amazon.in/dp/B096NTRT8C,4.1 out of 5,4 global ratings
https://www.amazon.in/dp/B0C1V8TK2P,4.6 out of 5,3 global ratings
https://www.amazon.in/dp/B0D6WH1S6Q?ref=myi_title_dp,3.2 out of 5,3 global ratings
https://www.amazon.in/dp/B0CTHQW4JM,5 out of 5,3 global ratings
https://www.amazon.in/dp/B0D5768RRW,5 out of 5,3 global ratings
https://www.amazon.in/dp/B0C7W3YMSX?ref=myi_title_dp,3 out of 5,3 global ratings
https://www.amazon.in/dp/B0D5DJ2HDB?ref=myi_title_dp,3 out of 5,3 global ratings
https://www.amazon.in/dp/B0D5DJJF8Z?ref=myi_title_dp,3 out of 5,3 global ratings
https://www.amazon.in/dp/B0CK4T6X67,2.3 out of 5,3 global ratings
https://www.amazon.in/dp/B0CMXLSFP8,2.3 out of 5,3 global ratings
https://www.amazon.in/dp/B0CD77W1MY?ref=myi_title_dp,2.7 out of 5,3 global ratings
https://www.amazon.in/dp/B0CJVFWVWV?ref=myi_title_dp,4.6 out of 5,3 global ratings
https://www.amazon.in/dp/B0D7SMSX54?ref=myi_title_dp,2.7 out of 5,3 global ratings
https://www.amazon.in/dp/B0D35TF2JR?ref=myi_title_dp,3.3 out of 5,3 global ratings
https://www.amazon.in/dp/B0D35S952B,3 out of 5,3 global ratings
https://www.amazon.in/dp/B0D5HZLJTF,3.7 out of 5,3 global ratings
https://www.amazon.in/dp/B0D5HZ78V5,3 out of 5,3 global ratings
https://www.amazon.in/dp/B0B4W6J6H3?ref=myi_title_dp,2.1 out of 5,3 global ratings
https://www.amazon.in/dp/B0B4W6Y95G?ref=myi_title_dp,1.9 out of 5,3 global ratings
https://www.amazon.in/dp/B0CD758YRM?ref=myi_title_dp,5 out of 5,2 global ratings
https://www.amazon.in/dp/B0DJH1BGZM,4 out of 5,3 global ratings
https://www.amazon.in/dp/B0DFWQ97NY,5 out of 5,3 global ratings
https://www.amazon.in/dp/B0DGLJX17Z,3 out of 5,3 global ratings
https://www.amazon.in/dp/B0D1K7BC29,5 out of 5,2 global ratings
https://www.amazon.in/dp/B0C3YVPG78?ref=myi_title_dp,5 out of 5,2 global ratings
https://www.amazon.in/dp/B0C6593MLG,4.1 out of 5,2 global ratings
https://www.amazon.in/dp/B0C65D1JMJ,4.1 out of 5,2 global ratings
https://www.amazon.in/dp/B0BHKD8BVS?ref=myi_title_dp,4 out of 5,2 global ratings
https://www.amazon.in/dp/B0CZXVWX5G,3 out of 5,2 global ratings
https://www.amazon.in/dp/B0CWD9FCBF,3.5 out of 5,2 global ratings
https://www.amazon.in/dp/B07VN6F3HR?ref=myi_title_dp,2 out of 5,2 global ratings
https://www.amazon.in/dp/B09R8X8N7Q?ref=myi_title_dp,2 out of 5,2 global ratings
https://www.amazon.in/dp/B0B2LP6596?ref=myi_title_dp,4 out of 5,2 global ratings
https://www.amazon.in/dp/B0B7HXW54P,3.7 out of 5,2 global ratings
https://www.amazon.in/dp/B0DFYMFC5G?ref=myi_title_dp&th=1&psc=1,5 out of 5,1 global rating
https://www.amazon.in/dp/B0D5Y7YG37,3 out of 5,2 global ratings
https://www.amazon.in/dp/B0D35SSY2P?ref=myi_title_dp,5 out of 5,1 global rating
https://www.amazon.in/dp/B0C1VBD2K1?ref=myi_title_dp,0,0
https://www.amazon.in/dp/B0B569MXP9,3.7 out of 5,2 global ratings
https://www.amazon.in/dp/B0C9JNCCPC,2.6 out of 5,2 global ratings
https://www.amazon.in/dp/B0BVFXZ8HX?ref=myi_title_dp,5 out of 5,1 global rating
https://www.amazon.in/dp/B0CF9R77GN?ref=myi_title_dp,2 out of 5,1 global rating
https://www.amazon.in/dp/B0CF9SSG3V?ref=myi_title_dp,5 out of 5,1 global rating
https://www.amazon.in/dp/B0D6WFV6CK?ref=myi_title_dp,1 out of 5,1 global rating
https://www.amazon.in/dp/B0D6WFHXJ5?ref=myi_title_dp,1 out of 5,1 global rating
https://www.amazon.in/dp/B0D7HXLSXG?ref=myi_title_dp,1 out of 5,1 global rating
https://www.amazon.in/dp/B0D6WFWC2X?ref=myi_title_dp,1 out of 5,1 global rating
https://www.amazon.in/dp/B0DJ92M32P,1 out of 5,1 global rating
https://www.amazon.in/dp/B0DJ93M9RM,1 out of 5,1 global rating
https://www.amazon.in/dp/B0DJ93FSTS,1 out of 5,1 global rating
https://www.amazon.in/dp/B0BP72V2HH?ref=myi_title_dp,4 out of 5,2 global ratings
https://www.amazon.in/dp/B0BGHGW32Z?ref=myi_title_dp,4 out of 5,1 global rating
https://www.amazon.in/dp/B0BLH22P1C,2 out of 5,1 global rating
https://www.amazon.in/dp/B0C3ZYK1QC?ref=myi_title_dp,4 out of 5,1 global rating
https://www.amazon.in/dp/B0CD76HC6Y?ref=myi_title_dp,4 out of 5,1 global rating
https://www.amazon.in/dp/B0CTKHS129,4 out of 5,1 global rating
https://www.amazon.in/dp/B0C4B5FR1Y?ref=myi_title_dp,5 out of 5,1 global rating
https://www.amazon.in/dp/B0C469Y2PX?ref=myi_title_dp,1 out of 5,1 global rating
https://www.amazon.in/dp/B0C46F1YXY?ref=myi_title_dp,5 out of 5,1 global rating
https://www.amazon.in/dp/B0CSDNPCCC?ref=myi_title_dp,5 out of 5,1 global rating
https://www.amazon.in/dp/B0D1CHW2HV?ref=myi_title_dp,2.5 out of 5,2 global ratings
https://www.amazon.in/dp/B0D1CHLH1H?ref=myi_title_dp,2.5 out of 5,2 global ratings
https://www.amazon.in/dp/B0CVXQGM3S?ref=myi_title_dp,5 out of 5,1 global rating
https://www.amazon.in/dp/B0DBVC62TV/ref=olp-opf-redir?aod=1&seller=A2JT0JSUYPX9DF&ref=myi_listid_offer,3.5 out of 5,5 global ratings
https://www.amazon.in/dp/B0DBV81136?ref=myi_title_dp,3.5 out of 5,5 global ratings
https://www.amazon.in/dp/B0CVXSM94N,5 out of 5,1 global rating
https://www.amazon.in/dp/B0D35THGXM?ref=myi_title_dp,5 out of 5,1 global rating
https://www.amazon.in/dp/B0D35T3CN5?ref=myi_title_dp&th=1&psc=1,3 out of 5,1 global rating
https://www.amazon.in/dp/B0DCW6MQF5?ref=myi_title_dp,3 out of 5,1 global rating
https://www.amazon.in/dp/B0DCW59R5H,3 out of 5,2 global ratings
https://www.amazon.in/dp/B0CW39SLFV?ref=myi_title_dp,1 out of 5,1 global rating
https://www.amazon.in/dp/B0B2LJQXWY?ref=myi_title_dp,1 out of 5,1 global rating
https://www.amazon.in/dp/B0B4NRLX47?ref=myi_title_dp,1 out of 5,1 global rating
https://www.amazon.in/dp/B09Q1155B7?ref=myi_title_dp,2 out of 5,1 global rating
https://www.amazon.in/dp/B0C9D7KDYJ?ref=myi_title_dp,3.7 out of 5,518 global ratings
https://www.amazon.in/dp/B0D2V363WL?ref=myi_title_dp,0,0
https://www.amazon.in/dp/B0D5VLJYLT?ref=myi_title_dp,0,0
https://www.amazon.in/dp/B0D9LYHSDF?ref=myi_title_dp,1 out of 5,1 global rating
https://www.amazon.in/dp/B0DJH2KGCL,1 out of 5,1 global rating
https://www.amazon.in/dp/B0DF5H52NG,5 out of 5,1 global rating
https://www.amazon.in/dp/B0DF5L71L2,5 out of 5,1 global rating
https://www.amazon.in/dp/B0DPXBCCPT,5 out of 5,1 global rating
https://www.amazon.in/dp/B0D2Y41FVR,3 out of 5,1 global rating
https://www.amazon.in/dp/B0D5R1MZ47,1 out of 5,1 global rating
https://www.amazon.in/dp/B0C9CN4P5J,0,0
https://www.amazon.in/dp/B0C6ZV2FZL?ref=myi_title_dp,0,0
https://www.amazon.in/dp/B0B79CZS9B?ref=myi_title_dp,3.5 out of 5,3 global ratings
https://www.amazon.in/dp/B0D5J22GF7?ref=myi_title_dp,5 out of 5,2 global ratings
https://www.amazon.in/dp/B092LZLNDJ?ref=myi_title_dp,1.8 out of 5,2 global ratings
https://www.amazon.in/dp/B0CQVM4T2X?ref=myi_title_dp,5 out of 5,1 global rating
https://www.amazon.in/dp/B0D6WDB824?ref=myi_title_dp,1 out of 5,1 global rating
https://www.amazon.in/dp/B0DJ92VGNX,1 out of 5,1 global rating
https://www.amazon.in/dp/B0BS66KM98?th=1&psc=1,1 out of 5,1 global rating
https://www.amazon.in/dp/B0C65D59PV?ref=myi_title_dp&th=1&psc=1,4.1 out of 5,2 global ratings
https://www.amazon.in/dp/B0CD78QWPH,4 out of 5,1 global rating
https://www.amazon.in/dp/B0D1CGPVYR?ref=myi_title_dp,2.5 out of 5,2 global ratings
https://www.amazon.in/dp/B0D1CH7XBN?ref=myi_title_dp,2.5 out of 5,2 global ratings
https://www.amazon.in/dp/B0D8BS6K6L,2.5 out of 5,2 global ratings
https://www.amazon.in/dp/B0DF5MMB1W?ref=myi_title_dp,5 out of 5,1 global rating
https://www.amazon.in/dp/B0D2V3BV23?ref=myi_title_dp,3.5 out of 5,5 global ratings
https://www.amazon.in/dp/B0D9LW5N3W?ref=myi_title_dp,3.5 out of 5,5 global ratings
https://www.amazon.in/dp/B0D35S7Q5J,3 out of 5,1 global rating
https://www.amazon.in/dp/B0D2TZJTB4?ref=myi_title_dp,5 out of 5,1 global rating
https://www.amazon.in/dp/B0CRVQ8DKT?ref=myi_title_dp,1 out of 5,1 global rating
https://www.amazon.in/dp/B082Y92B9Q?ref=myi_title_dp,4 out of 5,1 global rating
https://www.amazon.in/dp/B0D1C7SZRX,2.5 out of 5,2 global ratings
https://www.amazon.in/dp/B0CF9WY58V?ref=myi_title_dp,0,0
https://www.amazon.in/dp/B0C1V9ZNJG?ref=myi_title_dp,0,0
https://www.amazon.in/dp/B0DBV1LCF6,3.5 out of 5,5 global ratings
https://www.amazon.in/dp/B0CQXS55PH?ref=myi_title_dp,0,0
https://www.amazon.in/dp/B0CSSXWX9B?ref=myi_title_dp,0,0
https://www.amazon.in/dp/B0CWPDD876?ref=myi_title_dp,0,0
https://www.amazon.in/dp/B0D1C7V9MP?ref=myi_title_dp,0,0
https://www.amazon.in/dp/B0CXHRZQWF?ref=myi_title_dp,0,0
https://www.amazon.in/dp/B0D37S6TLS?ref=myi_title_dp,0,0
https://www.amazon.in/dp/B0D6WDN7J9?ref=myi_title_dp,0,0
https://www.amazon.in/dp/B0D7S8L63L?ref=myi_title_dp,0,0
https://www.amazon.in/dp/B0D6WFNFSK?ref=myi_title_dp,0,0
https://www.amazon.in/dp/B0D6WF3H6C?ref=myi_title_dp,0,0
https://www.amazon.in/dp/B0D6WGLCLG?ref=myi_title_dp,0,0
https://www.amazon.in/dp/B0DC6HTBKH?ref=myi_title_dp,0,0
https://www.amazon.in/dp/B0DCC2PT9P?ref=myi_title_dp&th=1&psc=1,0,0
https://www.amazon.in/dp/B0DFWT1C4Y?ref=myi_title_dp,0,0
https://www.amazon.in/dp/B0DFWX6D2P?ref=myi_title_dp&th=1&psc=1,0,0
https://www.amazon.in/dp/B0DJ941Q9H,0,0
https://www.amazon.in/dp/B0DJ93G8XP?th=1&psc=1,0,0
https://www.amazon.in/dp/B0DJ92ZBP7,0,0
https://www.amazon.in/dp/B0DJ92YBHW,0,0
https://www.amazon.in/dp/B0BGZJ85HF?ref=myi_title_dp,0,0
https://www.amazon.in/dp/B0BP1K9ZQN?ref=myi_title_dp,0,0
https://www.amazon.in/dp/B0BC157NJS?ref=myi_title_dp,0,0
https://www.amazon.in/dp/B0BN5Y4VQ9?ref=myi_title_dp,0,0
https://www.amazon.in/dp/B0BSRYYNVH?ref=myi_title_dp,0,0
https://www.amazon.in/dp/B0BVFY6W2C?ref=myi_title_dp,0,0
https://www.amazon.in/dp/B0BVFBD18R?ref=myi_title_dp,0,0
https://www.amazon.in/dp/B0C3ZWPN1Z?ref=myi_title_dp,0,0
https://www.amazon.in/dp/B0C1V93TK3?ref=myi_title_dp,0,0
https://www.amazon.in/dp/B0C3ZXG9F7?ref=myi_title_dp,0,0
https://www.amazon.in/dp/B0C3YVD6J7?ref=myi_title_dp,0,0
https://www.amazon.in/dp/B0C3YP3XP6?ref=myi_title_dp,0,0
https://www.amazon.in/dp/B0CD787CX3?ref=myi_title_dp,0,0
https://www.amazon.in/dp/B0CF9SWW8D?ref=myi_title_dp,0,0
https://www.amazon.in/dp/B0CF9TBMSF?ref=myi_title_dp,0,0
https://www.amazon.in/dp/B0CL36DYQW?ref=myi_title_dp,0,0
https://www.amazon.in/dp/B0CL35KVQC?ref=myi_title_dp,0,0
https://www.amazon.in/dp/B0CQYVFD4D?ref=myi_title_dp,1 out of 5,1 global rating
https://www.amazon.in/dp/B0CR17SFXC?ref=myi_title_dp,0,0
https://www.amazon.in/dp/B0CTHKPW5W?ref=myi_title_dp,0,0
https://www.amazon.in/dp/B0CTHNYJCQ?ref=myi_title_dp,0,0
https://www.amazon.in/dp/B0CTHMGQRY?ref=myi_title_dp,0,0
https://www.amazon.in/dp/B0CXJ5RSVP?ref=myi_title_dp,0,0
https://www.amazon.in/dp/B0CYQ9FXMV?ref=myi_title_dp,0,0
https://www.amazon.in/dp/B0CXJ279PY?ref=myi_title_dp,0,0
https://www.amazon.in/dp/B0CXHKZJCR?ref=myi_title_dp,0,0
https://www.amazon.in/dp/B0CXHVNQXW?ref=myi_title_dp,0,0
https://www.amazon.in/dp/B0CXJBZBB7?ref=myi_title_dp,0,0
https://www.amazon.in/dp/B0D1BRSKC5?ref=myi_title_dp,0,0
https://www.amazon.in/dp/B0D56WCCCR?ref=myi_title_dp,0,0
https://www.amazon.in/dp/B0D56ZF7Y2?ref=myi_title_dp,0,0
https://www.amazon.in/dp/B0D56ZCZ57?ref=myi_title_dp,0,0
https://www.amazon.in/dp/B0D573TR37?ref=myi_title_dp,0,0
https://www.amazon.in/dp/B0D573F4DF?ref=myi_title_dp,0,0
https://www.amazon.in/dp/B0D571PZV4?ref=myi_title_dp,0,0
https://www.amazon.in/dp/B0D8YGKW4L?ref=myi_title_dp,0,0
https://www.amazon.in/dp/B0D6WDJ15M?ref=myi_title_dp,0,0
https://www.amazon.in/dp/B0D6WFM5ZD?ref=myi_title_dp,0,0
https://www.amazon.in/dp/B0D6WHV9XN?ref=myi_title_dp,0,0
https://www.amazon.in/dp/B0D6WFJ8XP?ref=myi_title_dp,1 out of 5,1 global rating
https://www.amazon.in/dp/B0D6WC1DWC?ref=myi_title_dp,0,0
https://www.amazon.in/dp/B0D9K4XMQZ?ref=myi_title_dp,0,0
https://www.amazon.in/dp/B0D6WDS3V8?ref=myi_title_dp,0,0
https://www.amazon.in/dp/B0D9K73MK2?ref=myi_title_dp&th=1&psc=1,0,0
https://www.amazon.in/dp/B0D9K5GGMM?ref=myi_title_dp&th=1&psc=1,0,0
https://www.amazon.in/dp/B0D9K7JYTK?ref=myi_title_dp&th=1&psc=1,0,0
https://www.amazon.in/dp/B0D9K6BL7X?ref=myi_title_dp,0,0
https://www.amazon.in/dp/B0D9K77YYS?ref=myi_title_dp,1 out of 5,1 global rating
https://www.amazon.in/dp/B0DC4BXCWZ?ref=myi_title_dp,0,0
https://www.amazon.in/dp/B0DC48SMPT?ref=myi_title_dp,0,0
https://www.amazon.in/dp/B0DC48TWBP?ref=myi_title_dp,0,0
https://www.amazon.in/dp/B0DFWSVS6D?ref=myi_title_dp,0,0
https://www.amazon.in/dp/B0DJGYJ4RX,0,0
https://www.amazon.in/dp/B0DJ9356XJ,1 out of 5,1 global rating
https://www.amazon.in/dp/B0DJ93L2RH,1 out of 5,1 global rating
https://www.amazon.in/dp/B0DJ92ZQZ9?th=1&psc=1,0,0
https://www.amazon.in/dp/B0DJ92WNP7,1 out of 5,1 global rating
https://www.amazon.in/dp/B0DJ92NBJK,1 out of 5,1 global rating
https://www.amazon.in/dp/B0DJ93V5VG,1 out of 5,1 global rating
https://www.amazon.in/dp/B0DJ91M5XK,0,0
https://www.amazon.in/dp/B0DF5B4SVS?ref=myi_title_dp,0,0
https://www.amazon.in/dp/B0DF2ZK7RF?ref=myi_title_dp&th=1&psc=1,0,0
https://www.amazon.in/dp/B0C4DVYPNS?ref=myi_title_dp,0,0
https://www.amazon.in/dp/B0DJ91HJYK,0,0
https://www.amazon.in/dp/B0DF31CBSC?ref=myi_title_dp&th=1&psc=1,0,0
https://www.amazon.in/dp/B0D83Z3XQZ?ref=myi_title_dp,0,0
https://www.amazon.in/dp/B0DF5GJXFK?ref=myi_title_dp,0,0
https://www.amazon.in/dp/B0BQZXBKK9?ref=myi_title_dp,0,0
https://www.amazon.in/dp/B0BQZXYCSY?ref=myi_title_dp,0,0
https://www.amazon.in/dp/B0BNN695PR?ref=myi_title_dp,0,0
https://www.amazon.in/dp/B0BVHTXGMC?ref=myi_title_dp,0,0
https://www.amazon.in/dp/B0C4B6YRJ7?ref=myi_title_dp,0,0
https://www.amazon.in/dp/B0C58VKCXH?ref=myi_title_dp,0,0
https://www.amazon.in/dp/B0C469C2J1?ref=myi_title_dp,0,0
https://www.amazon.in/dp/B0C469Y2KH?ref=myi_title_dp,0,0
https://www.amazon.in/dp/B0C6599DJC?ref=myi_title_dp,0,0
https://www.amazon.in/dp/B0CD76XWNF?ref=myi_title_dp,0,0
https://www.amazon.in/dp/B0CF1MNSMG?ref=myi_title_dp,0,0
https://www.amazon.in/dp/B0DJGYGWLT,0,0
https://www.amazon.in/dp/B0CF9YQMCZ?ref=myi_title_dp,0,0
https://www.amazon.in/dp/B0CV55K9WJ?ref=myi_title_dp,0,0
https://www.amazon.in/dp/B0CR1JDS44?ref=myi_title_dp,0,0
https://www.amazon.in/dp/B0CSDPN53C?ref=myi_title_dp,0,0
https://www.amazon.in/dp/B0CTHRW1M4?ref=myi_title_dp&th=1&psc=1,0,0
https://www.amazon.in/dp/B0CTKGKZVW?ref=myi_title_dp,0,0
https://www.amazon.in/dp/B0CTHS35RQ?ref=myi_title_dp,0,0
https://www.amazon.in/dp/B0CTHSG98P?ref=myi_title_dp,0,0
https://www.amazon.in/dp/B0CTHS35RQ?ref=myi_title_dp,0,0
https://www.amazon.in/dp/B0D1BPKKBT,2.5 out of 5,2 global ratings
https://www.amazon.in/dp/B0D1CGWKZS?ref=myi_title_dp,0,0
https://www.amazon.in/dp/B0D1CFSZJD?ref=myi_title_dp,0,0
https://www.amazon.in/dp/B0D5DDJ8C5?ref=myi_title_dp,0,0
https://www.amazon.in/dp/B0D5BFT14B?ref=myi_title_dp&th=1&psc=1,0,0
https://www.amazon.in/dp/B0D5BBKS4R?ref=myi_title_dp,0,0
https://www.amazon.in/dp/B0D5BD2GQV?ref=myi_title_dp,0,0
https://www.amazon.in/dp/B0D5BFHVTV?ref=myi_title_dp,0,0
https://www.amazon.in/dp/B0D5BKDGGS?ref=myi_title_dp,0,0
https://www.amazon.in/dp/B0D5BK77MV?ref=myi_title_dp,0,0
https://www.amazon.in/dp/B0D7SMHYLW?ref=myi_title_dp,0,0
https://www.amazon.in/dp/B0D5DF5JDN?ref=myi_title_dp,0,0
https://www.amazon.in/dp/B0D7SLG21S?ref=myi_title_dp,0,0
https://www.amazon.in/dp/B0D7SLPLTF?ref=myi_title_dp,0,0
https://www.amazon.in/dp/B0D7SLN85Q?ref=myi_title_dp,0,0
https://www.amazon.in/dp/B0DFYT13TX?ref=myi_title_dp&th=1&psc=1,0,0
https://www.amazon.in/dp/B0DFYYZKN5?ref=myi_title_dp,0,0
https://www.amazon.in/dp/B0DCC5V7M2?ref=myi_title_dp,0,0
https://www.amazon.in/dp/B0DFYYNDY1?ref=myi_title_dp,0,0
https://www.amazon.in/dp/B0DJH1BQJ3,0,0
https://www.amazon.in/dp/B0DJBWPHR6,0,0
https://www.amazon.in/dp/B0DJBWNKKF,0,0
https://www.amazon.in/dp/B0DJBVHPR9,0,0
https://www.amazon.in/dp/B0DJBWS5P5,0,0
https://www.amazon.in/dp/B0DJBVM7SN,0,0
https://www.amazon.in/dp/B0DJBWN1TC,0,0
https://www.amazon.in/dp/B0DJBW1LZH,3 out of 5,1 global rating
https://www.amazon.in/dp/B0DJBW87VC,3 out of 5,1 global rating
https://www.amazon.in/dp/B0DJBW2MQF,3 out of 5,1 global rating
https://www.amazon.in/dp/B0DHLG7R6N,0,0
https://www.amazon.in/dp/B0D1GB2VQ6?ref=myi_title_dp,0,0
https://www.amazon.in/dp/B0CVXRYXB8?ref=myi_title_dp,0,0
https://www.amazon.in/dp/B0D2TZFG43?ref=myi_title_dp,0,0
https://www.amazon.in/dp/B0CW3K9LJV?ref=myi_title_dp,0,0
https://www.amazon.in/dp/B0D2V2JCV5?ref=myi_title_dp,0,0
https://www.amazon.in/dp/B0CW3JMS8B?ref=myi_title_dp,0,0
https://www.amazon.in/dp/B0CW3HPS3L?ref=myi_title_dp,0,0
https://www.amazon.in/dp/B0CW3JKF5M?ref=myi_title_dp,0,0
https://www.amazon.in/dp/B0D2V1XN7Y?ref=myi_title_dp,0,0
https://www.amazon.in/dp/B0CW3KNP9C?ref=myi_title_dp,0,0
https://www.amazon.in/dp/B0CW3JXQMW?ref=myi_title_dp,0,0
https://www.amazon.in/dp/B0D2V2QRV6?ref=myi_title_dp,0,0
https://www.amazon.in/dp/B0CW3JDK3W?ref=myi_title_dp,0,0
https://www.amazon.in/dp/B0D2V39H85?ref=myi_title_dp,0,0
https://www.amazon.in/dp/B0D2V57QFR?ref=myi_title_dp,0,0
https://www.amazon.in/dp/B0D2V2T7BK?ref=myi_title_dp&th=1&psc=1,0,0
https://www.amazon.in/dp/B0CW3MCLVY?ref=myi_title_dp,0,0
https://www.amazon.in/dp/B0D1GLRLRL?ref=myi_title_dp,0,0
https://www.amazon.in/dp/B0D2V2WQ8T?ref=myi_title_dp,0,0
https://www.amazon.in/dp/B0CW3M9HQX?ref=myi_title_dp,0,0
https://www.amazon.in/dp/B0D2V44HSP?ref=myi_title_dp,0,0
https://www.amazon.in/dp/B0D2V33C54?ref=myi_title_dp,0,0
https://www.amazon.in/dp/B0D5J23X7F?ref=myi_title_dp,0,0
https://www.amazon.in/dp/B0DBV75MFK?ref=myi_title_dp,0,0
https://www.amazon.in/dp/B0D5J1SS5L?ref=myi_title_dp,0,0
https://www.amazon.in/dp/B0DBV1LN1F?ref=myi_title_dp,0,0
https://www.amazon.in/dp/B0DBV5ZCNW?ref=myi_title_dp,0,0
https://www.amazon.in/dp/B0DBVN45T7?ref=myi_title_dp,0,0
https://www.amazon.in/dp/B0DBV378F6?ref=myi_title_dp,0,0
https://www.amazon.in/dp/B0DBV5ZXL8?ref=myi_title_dp,0,0
https://www.amazon.in/dp/B0DBVC1BBT?ref=myi_title_dp,0,0
https://www.amazon.in/dp/B0DBVKFDKP?ref=myi_title_dp,0,0
https://www.amazon.in/dp/B0DBVBM5NP?ref=myi_title_dp,0,0
https://www.amazon.in/dp/B0DJD6GRQD,0,0
https://www.amazon.in/dp/B0CVXD8NPQ?ref=myi_title_dp,0,0
https://www.amazon.in/dp/B0DBV42BBK?ref=myi_title_dp,0,0
https://www.amazon.in/dp/B0DD4DCV46?ref=myi_title_dp,0,0
https://www.amazon.in/dp/B0DJD73HDK,0,0
https://www.amazon.in/dp/B0DDTTK2GD?ref=myi_title_dp,0,0
https://www.amazon.in/dp/B0DJD6V863,0,0
https://www.amazon.in/dp/B0DJD6H8P4,0,0
https://www.amazon.in/dp/B0DJD5VVQC,0,0
https://www.amazon.in/dp/B0DJD6NXMK,0,0
https://www.amazon.in/dp/B0DJD6KQ3D,0,0
https://www.amazon.in/dp/B0DJD6TQL4,0,0
https://www.amazon.in/dp/B0CW3J9MG1?ref=myi_title_dp,0,0
https://www.amazon.in/dp/B0DJD7FKF4,0,0
https://www.amazon.in/dp/B0CWDCKGV8?ref=myi_title_dp,0,0
https://www.amazon.in/dp/B0DJD7ZYDX,0,0
https://www.amazon.in/dp/B0CW3KK3R3?ref=myi_title_dp&th=1&psc=1,0,0
https://www.amazon.in/dp/B0D2V34WN1?ref=myi_title_dp,0,0
https://www.amazon.in/dp/B0CVXS3LGX?ref=myi_title_dp,0,0
https://www.amazon.in/dp/B0D35T4VQR?ref=myi_title_dp,0,0
https://www.amazon.in/dp/B0CVXS1B2N?ref=myi_title_dp,0,0
https://www.amazon.in/dp/B0D2V1Z8RK?ref=myi_title_dp,0,0
https://www.amazon.in/dp/B0D35V61RL?ref=myi_title_dp,0,0
https://www.amazon.in/dp/B0D1814B2W?ref=myi_title_dp,0,0
https://www.amazon.in/dp/B0D35TNSVG?ref=myi_title_dp,0,0
https://www.amazon.in/dp/B0D35T8PVS?ref=myi_title_dp,0,0
https://www.amazon.in/dp/B0D35V9NWQ?ref=myi_title_dp,0,0
https://www.amazon.in/dp/B0CZXQJZMB?ref=myi_title_dp,0,0
https://www.amazon.in/dp/B0D35SHT94?ref=myi_title_dp,0,0
https://www.amazon.in/dp/B0D35SK2NG?ref=myi_title_dp,0,0
https://www.amazon.in/dp/B0D35MD6SC?ref=myi_title_dp,0,0
https://www.amazon.in/dp/B0D35SFWWM?ref=myi_title_dp,0,0
https://www.amazon.in/dp/B0D35T2V1P?ref=myi_title_dp,0,0
https://www.amazon.in/dp/B0D35SLKXW?ref=myi_title_dp,0,0
https://www.amazon.in/dp/B0D35VNTY1?ref=myi_title_dp,0,0
https://www.amazon.in/dp/B0D35SYL52?ref=myi_title_dp,0,0
https://www.amazon.in/dp/B0D35VFMKD?ref=myi_title_dp,0,0
https://www.amazon.in/dp/B0D35TQPVV?ref=myi_title_dp,0,0
https://www.amazon.in/dp/B0D35SNVJH?ref=myi_title_dp,0,0
https://www.amazon.in/dp/B0D35SXHJS?ref=myi_title_dp,0,0
https://www.amazon.in/dp/B0D35T43DS?ref=myi_title_dp,0,0
https://www.amazon.in/dp/B0D35S4QNF?ref=myi_title_dp,0,0
https://www.amazon.in/dp/B0D35SM9G4?ref=myi_title_dp,0,0
https://www.amazon.in/dp/B0D35TNLPN?ref=myi_title_dp,0,0
https://www.amazon.in/dp/B0D35SJ6GG?ref=myi_title_dp,0,0
https://www.amazon.in/dp/B0D35SX47L?ref=myi_title_dp&th=1&psc=1,0,0
https://www.amazon.in/dp/B0D35SVNRB?ref=myi_title_dp,0,0
https://www.amazon.in/dp/B0D35SCP8D?ref=myi_title_dp,0,0
https://www.amazon.in/dp/B0D35T5X3C?ref=myi_title_dp,0,0
https://www.amazon.in/dp/B0D35S28DZ?ref=myi_title_dp,0,0
https://www.amazon.in/dp/B0D35SGVT9?ref=myi_title_dp,0,0
https://www.amazon.in/dp/B0D35TGN54?ref=myi_title_dp,0,0
https://www.amazon.in/dp/B0D35SWBMJ?ref=myi_title_dp,0,0
https://www.amazon.in/dp/B0D35W4BS2?ref=myi_title_dp,0,0
https://www.amazon.in/dp/B0D35SFJND?ref=myi_title_dp,0,0
https://www.amazon.in/dp/B0D35TNSVC?ref=myi_title_dp,0,0
https://www.amazon.in/dp/B0D5Y6BSQD?ref=myi_title_dp,0,0
https://www.amazon.in/dp/B0D35V9YKL?ref=myi_title_dp,0,0
https://www.amazon.in/dp/B0D35TJL2R?ref=myi_title_dp,0,0
https://www.amazon.in/dp/B0D35TCDC8?ref=myi_title_dp,0,0
https://www.amazon.in/dp/B0D35SCP8H?ref=myi_title_dp&th=1&psc=1,0,0
https://www.amazon.in/dp/B0D35VNHK5?ref=myi_title_dp,0,0
https://www.amazon.in/dp/B0D35SVCR9?ref=myi_title_dp,0,0
https://www.amazon.in/dp/B0D35VF2C9?ref=myi_title_dp,0,0
https://www.amazon.in/dp/B0D35VZNPW?ref=myi_title_dp,0,0
https://www.amazon.in/dp/B0D35S6XWJ?ref=myi_title_dp,0,0
https://www.amazon.in/dp/B0D5LZCYQK?ref=myi_title_dp,0,0
https://www.amazon.in/dp/B0D35TJNMH?ref=myi_title_dp,0,0
https://www.amazon.in/dp/B0D5M1HTMN?ref=myi_title_dp,0,0
https://www.amazon.in/dp/B0D5M5KLCN?ref=myi_title_dp,0,0
https://www.amazon.in/dp/B0D5M5SB3X?ref=myi_title_dp,0,0
https://www.amazon.in/dp/B0D5J2YG7T?ref=myi_title_dp,0,0
https://www.amazon.in/dp/B0D35SRRCQ?ref=myi_title_dp,0,0
https://www.amazon.in/dp/B0D5HZHLVH?ref=myi_title_dp,0,0
https://www.amazon.in/dp/B0DG2KVXXN?ref=myi_title_dp,0,0
https://www.amazon.in/dp/B0DBV41S7D?ref=myi_title_dp,0,0
https://www.amazon.in/dp/B0DBVBNY1M?ref=myi_title_dp,0,0
https://www.amazon.in/dp/B0DBTZZVGJ?ref=myi_title_dp,0,0
https://www.amazon.in/dp/B0DBV7995P?ref=myi_title_dp,0,0
https://www.amazon.in/dp/B0DBV7L8DZ?ref=myi_title_dp,0,0
https://www.amazon.in/dp/B0D9LVC657?ref=myi_title_dp,0,0
https://www.amazon.in/dp/B0D9LXT2G7?ref=myi_title_dp,0,0
https://www.amazon.in/dp/B0D9LY4Q3D?ref=myi_title_dp,0,0
https://www.amazon.in/dp/B0D9LWMLWS?ref=myi_title_dp,0,0
https://www.amazon.in/dp/B0DCW4FDQD?ref=myi_title_dp&th=1&psc=1,0,0
https://www.amazon.in/dp/B0DBV32MRF?ref=myi_title_dp,0,0
https://www.amazon.in/dp/B0D9LWCPVW?ref=myi_title_dp,0,0
https://www.amazon.in/dp/B0DJD6YZMZ,0,0
https://www.amazon.in/dp/B0D9LXL192?ref=myi_title_dp,0,0
https://www.amazon.in/dp/B0DJD7X6QG,0,0
https://www.amazon.in/dp/B0DJD7JCH1,0,0
https://www.amazon.in/dp/B0DJD7B13Q,0,0
https://www.amazon.in/dp/B0DJD5L8JM,0,0
https://www.amazon.in/dp/B0DJD7RSKC,0,0
https://www.amazon.in/dp/B0DJD76GCB,0,0
https://www.amazon.in/dp/B0D35SSB41?ref=myi_title_dp,0,0
https://www.amazon.in/dp/B0CWD9HVPN?ref=myi_title_dp,0,0
https://www.amazon.in/dp/B0CWD9TFW5?ref=myi_title_dp,0,0
https://www.amazon.in/dp/B0D2TZDRJ9?ref=myi_title_dp,0,0
https://www.amazon.in/dp/B0DJD7G8P3,0,0
https://www.amazon.in/dp/B0D29FD4Y9?ref=myi_title_dp,0,0
https://www.amazon.in/dp/B0D29HXL6F?ref=myi_title_dp,0,0
https://www.amazon.in/dp/B0CWD9XP1V?ref=myi_title_dp,0,0
https://www.amazon.in/dp/B0CWCYHX5M?ref=myi_title_dp,0,0
https://www.amazon.in/dp/B0D5RG83MF?ref=myi_title_dp,0,0
https://www.amazon.in/dp/B0D2TZLHXT?ref=myi_title_dp,0,0
https://www.amazon.in/dp/B0D29K8H7Z?ref=myi_title_dp,0,0
https://www.amazon.in/dp/B0CW39YFRY?ref=myi_title_dp&th=1&psc=1,0,0
https://www.amazon.in/dp/B0D29L4GQT?ref=myi_title_dp,0,0
https://www.amazon.in/dp/B0D29FVGJ7?ref=myi_title_dp,0,0
https://www.amazon.in/dp/B0D29KZT1D?ref=myi_title_dp,0,0
https://www.amazon.in/dp/B0D2TYDV7F?ref=myi_title_dp,0,0
https://www.amazon.in/dp/B0D2TXFRFY?ref=myi_title_dp,0,0
https://www.amazon.in/dp/B0D5R2ZFBQ?ref=myi_title_dp,0,0
https://www.amazon.in/dp/B0D2Y5TP6G?ref=myi_title_dp,0,0
https://www.amazon.in/dp/B0D5R1Z9HW?ref=myi_title_dp,0,0
https://www.amazon.in/dp/B0D2TY8KVD?ref=myi_title_dp,0,0
https://www.amazon.in/dp/B0CW3FMCZN?ref=myi_title_dp,0,0
https://www.amazon.in/dp/B0D2TXQLT1?ref=myi_title_dp,0,0
https://www.amazon.in/dp/B0CWD7JQL3?ref=myi_title_dp,0,0
https://www.amazon.in/dp/B0D2TYG8MB?ref=myi_title_dp,0,0
https://www.amazon.in/dp/B0D2TX5S6J?ref=myi_title_dp,0,0
https://www.amazon.in/dp/B0CWDFRM9B?ref=myi_title_dp,0,0
https://www.amazon.in/dp/B0DDH2885F?ref=myi_title_dp,0,0
https://www.amazon.in/dp/B0D1GCQPRM?ref=myi_title_dp,0,0
https://www.amazon.in/dp/B0D2Y349F3?ref=myi_title_dp,0,0
https://www.amazon.in/dp/B0D4VNJ25W?ref=myi_title_dp,0,0
https://www.amazon.in/dp/B0D2Y4KQ5X?ref=myi_title_dp,0,0
https://www.amazon.in/dp/B0D2Y4NHZ1?ref=myi_title_dp,0,0
https://www.amazon.in/dp/B0D2Y6TNML?ref=myi_title_dp,0,0
https://www.amazon.in/dp/B0D2Y83ZR9?ref=myi_title_dp,0,0
https://www.amazon.in/dp/B0D2Y3J3RT?ref=myi_title_dp,0,0
https://www.amazon.in/dp/B0D2Y6M2F9?ref=myi_title_dp,0,0
https://www.amazon.in/dp/B0DBZVTZDH?ref=myi_title_dp,0,0
https://www.amazon.in/dp/B0CW399DGJ?ref=myi_title_dp,0,0
https://www.amazon.in/dp/B0CW3DQVNR?ref=myi_title_dp,0,0
https://www.amazon.in/dp/B0CWDG3VY3?ref=myi_title_dp,0,0
https://www.amazon.in/dp/B0CWDDJ87L?ref=myi_title_dp,0,0
https://www.amazon.in/dp/B0D2TWPDV2?ref=myi_title_dp,0,0
https://www.amazon.in/dp/B0D2P73T9C?ref=myi_title_dp,0,0
https://www.amazon.in/dp/B0D1GCF1TD?ref=myi_title_dp,0,0
https://www.amazon.in/dp/B0D2Y5NSGP?ref=myi_title_dp,0,0
https://www.amazon.in/dp/B0D2Y72BJL?ref=myi_title_dp,0,0
https://www.amazon.in/dp/B0D2Y8481M?ref=myi_title_dp,0,0
https://www.amazon.in/dp/B0D2Y7WYN8?ref=myi_title_dp,0,0
https://www.amazon.in/dp/B0D1GCXSHB?ref=myi_title_dp,0,0
https://www.amazon.in/dp/B0D2Y5M1Y2?ref=myi_title_dp,0,0
https://www.amazon.in/dp/B0D2P61KM6?ref=myi_title_dp&th=1&psc=1,0,0
https://www.amazon.in/dp/B0D2Y518G7?ref=myi_title_dp,0,0
https://www.amazon.in/dp/B0D2Y652Y6?ref=myi_title_dp,0,0
https://www.amazon.in/dp/B0D2Y5HLCV?ref=myi_title_dp,0,0
https://www.amazon.in/dp/B0D2Y5P9SK?ref=myi_title_dp,0,0
https://www.amazon.in/dp/B0D2Y43D7Z?ref=myi_title_dp&th=1&psc=1,0,0
https://www.amazon.in/dp/B0D5VJ6G7S,0,0
https://www.amazon.in/dp/B0D2Y2ZGGP?ref=myi_title_dp,0,0
https://www.amazon.in/dp/B0D5MJG9LB?ref=myi_title_dp,0,0
https://www.amazon.in/dp/B0D5MLJ7DL?ref=myi_title_dp,0,0
https://www.amazon.in/dp/B0D5Y9F1HJ?ref=myi_title_dp,0,0
https://www.amazon.in/dp/B0D5MJP8J1?ref=myi_title_dp,0,0
https://www.amazon.in/dp/B0D5MLL52X?ref=myi_title_dp,0,0
https://www.amazon.in/dp/B0D1GJ8Z1X?ref=myi_title_dp,0,0
https://www.amazon.in/dp/B0D1GHPBKC?ref=myi_title_dp,0,0
https://www.amazon.in/dp/B0D1GJRW3Q?ref=myi_title_dp,0,0
https://www.amazon.in/dp/B0D2Y63BRQ?ref=myi_title_dp,0,0
https://www.amazon.in/dp/B0D2Y4K64N?ref=myi_title_dp,0,0
https://www.amazon.in/dp/B0D2Y4HZC3?ref=myi_title_dp,0,0
https://www.amazon.in/dp/B0D1GFQT36?ref=myi_title_dp,0,0
https://www.amazon.in/dp/B0D2Y7PLKF?ref=myi_title_dp,0,0
https://www.amazon.in/dp/B0D2Y4PRKK?ref=myi_title_dp,0,0
https://www.amazon.in/dp/B0D5ML6W82?ref=myi_title_dp,0,0
https://www.amazon.in/dp/B0D5QMRNZ2?ref=myi_title_dp,0,0
https://www.amazon.in/dp/B0D3QP2YW9?ref=myi_title_dp,0,0
https://www.amazon.in/dp/B0D5MMHJ8G?ref=myi_title_dp,0,0
https://www.amazon.in/dp/B0D5QYGKS2?ref=myi_title_dp,0,0
https://www.amazon.in/dp/B0D2Y6M2FD?ref=myi_title_dp,0,0
https://www.amazon.in/dp/B0D5QNPVXR?ref=myi_title_dp,0,0
https://www.amazon.in/dp/B0D5MHXPSX?ref=myi_title_dp,0,0
https://www.amazon.in/dp/B0DBVPXPTK?ref=myi_title_dp,0,0
https://www.amazon.in/dp/B0DBVQ8FGZ?ref=myi_title_dp,0,0
https://www.amazon.in/dp/B0DBVSYZRH?ref=myi_title_dp,0,0
https://www.amazon.in/dp/B0D5MLHY57?ref=myi_title_dp,0,0
https://www.amazon.in/dp/B0DBVQKVMM?ref=myi_title_dp,0,0
https://www.amazon.in/dp/B0DD4DMVQ6?ref=myi_title_dp,0,0
https://www.amazon.in/dp/B0DJD7RZM8,0,0
https://www.amazon.in/dp/B0DBVQZ8Q9?ref=myi_title_dp,0,0
https://www.amazon.in/dp/B0DJD7D7MM,0,0
https://www.amazon.in/dp/B0D5MJBT8R?ref=myi_title_dp,0,0
https://www.amazon.in/dp/B0DJD94SXP,0,0
https://www.amazon.in/dp/B0DJD93N8B,0,0
https://www.amazon.in/dp/B0DJD8MKVR,0,0
https://www.amazon.in/dp/B0DJD83G6L,0,0
https://www.amazon.in/dp/B0DJH1WH58,0,0
https://www.amazon.in/dp/B07VQJHLV7?ref=myi_title_dp,0,0
https://www.amazon.in/dp/B094QZV863?ref=myi_title_dp,0,0
https://www.amazon.in/dp/B09P52J8HL,0,0
https://www.amazon.in/dp/B09HQR1695?ref=myi_title_dp&th=1&psc=1,0,0
https://www.amazon.in/dp/B0DJD6XPNB,0,0
https://www.amazon.in/dp/B0DJD7VVPL,0,0
https://www.amazon.in/dp/B0D9KFRHPT,0,0
https://www.amazon.in/dp/B0DJD8T5TD,0,0
https://www.amazon.in/dp/B0BS61CXHJ,0,0
https://www.amazon.in/dp/B0CF9T7435,0,0
https://www.amazon.in/dp/B0CV52WYDN,0,0
https://www.amazon.in/dp/B0D35V84KD,0,0
https://www.amazon.in/dp/B0DFYXSXMP,0,0
https://www.amazon.in/dp/B08M65KJW2?ref=myi_title_dp,0,0
https://www.amazon.in/dp/B0D35V28QZ,0,0
https://www.amazon.in/dp/B0D35VGYQ6,0,0
https://www.amazon.in/dp/B0D2TZQF1P,0,0
https://www.amazon.in/dp/B0DD4D9LGP,0,0
https://www.amazon.in/dp/B0DDCTQSQS,0,0
https://www.amazon.in/dp/B0DGD674KY,0,0
https://www.amazon.in/dp/B0DGD65TSF,0,0
https://www.amazon.in/dp/B0BVFGWM7V,0,0
https://www.amazon.in/dp/B0CWPG5595,0,0
https://www.amazon.in/dp/B0CWPDDK7K,0,0
https://www.amazon.in/dp/B0D845BP85,0,0
https://www.amazon.in/dp/B0DC46LKZW,0,0
https://www.amazon.in/dp/B0CWPFRF86,0,0
https://www.amazon.in/dp/B0D6WF2DPT,0,0
https://www.amazon.in/dp/B0DCBZPJ2P,0,0
https://www.amazon.in/dp/B0DC44191Y,0,0
https://www.amazon.in/dp/B0DC6GJRG9,0,0
https://www.amazon.in/dp/B0DFWT9YR8,0,0
https://www.amazon.in/dp/B0DC3YLBKW,0,0
https://www.amazon.in/dp/B0DKC6CDGQ,0,0
https://www.amazon.in/dp/B0DKC5B31R,0,0
https://www.amazon.in/dp/B0DCBZY9NF,0,0
https://www.amazon.in/dp/B0DPQJX1NK,0,0
https://www.amazon.in/dp/B0DFWT4HFJ,0,0
https://www.amazon.in/dp/B0DPQKG4W9,0,0
https://www.amazon.in/dp/B0DKFMT47S,0,0
https://www.amazon.in/dp/B0DPQK4ZR6,0,0
https://www.amazon.in/dp/B0DPQJBYFT,0,0
https://www.amazon.in/dp/B0DPQL59JD,0,0
https://www.amazon.in/dp/B0DKFJZFS7,0,0
https://www.amazon.in/dp/B0C1VBMLPW,0,0
https://www.amazon.in/dp/B0D574JRQ8,0,0
https://www.amazon.in/dp/B0CJMFNQF1,0,0
https://www.amazon.in/dp/B0D7SFKN4F,0,0
https://www.amazon.in/dp/B0DPQJL36T,0,0
https://www.amazon.in/dp/B0D9K5F3LX,0,0
https://www.amazon.in/dp/B0D9K7N4LW,0,0
https://www.amazon.in/dp/B0DC4C8YZN,0,0
https://www.amazon.in/dp/B0CD7B2XDT,0,0
https://www.amazon.in/dp/B0D6WCX7J5,0,0
https://www.amazon.in/dp/B0D9K53N53,0,0
https://www.amazon.in/dp/B0DPQM75N6,0,0
https://www.amazon.in/dp/B0DFWTMDKY,0,0
https://www.amazon.in/dp/B0DPQJNVVJ,0,0
https://www.amazon.in/dp/B0DPQMMZCG,0,0
https://www.amazon.in/dp/B0DPQLBLBB,0,0
https://www.amazon.in/dp/B0DFWSRT6K,0,0
https://www.amazon.in/dp/B0DPQMCQ2D,0,0
https://www.amazon.in/dp/B0DFWS8SKR,0,0
https://www.amazon.in/dp/B0DPQL2CTL,0,0
https://www.amazon.in/dp/B0DPQMF353,0,0
https://www.amazon.in/dp/B0DPQK319P,0,0
https://www.amazon.in/dp/B0DPQR43WK,0,0
https://www.amazon.in/dp/B0DPQL2VNC,0,0
https://www.amazon.in/dp/B0BF4MDBV2,0,0
https://www.amazon.in/dp/B0CTKGT2Q9,0,0
https://www.amazon.in/dp/B0DPSZMN42,0,0
https://www.amazon.in/dp/B0DPQRBDXG,0,0
https://www.amazon.in/dp/B0DPQL7TD6,0,0
https://www.amazon.in/dp/B0DG2JXZXD,0,0
https://www.amazon.in/dp/B0DPT1SM3K,0,0
https://www.amazon.in/dp/B0DPSYN2LP,0,0
https://www.amazon.in/dp/B0DPSXHHJL,0,0
https://www.amazon.in/dp/B0DPSX7CH1,0,0
https://www.amazon.in/dp/B0DPSZ4342,0,0
https://www.amazon.in/dp/B0DDQBWT1N,0,0
https://www.amazon.in/dp/B0BGH3F8SL,0,0
https://www.amazon.in/dp/B0DPSYN1YP,0,0
https://www.amazon.in/dp/B0DPQXZYNC,0,0
https://www.amazon.in/dp/B0CL7GQF8M,0,0
https://www.amazon.in/dp/B0D1BWRTK2,0,0
https://www.amazon.in/dp/B0DDQ8DP86,0,0
https://www.amazon.in/dp/B0BRJB3WG4,0,0
https://www.amazon.in/dp/B0BS62NRLP,0,0
https://www.amazon.in/dp/B0D5BL71ZK,0,0
https://www.amazon.in/dp/B0C46DCV9F,0,0
https://www.amazon.in/dp/B0D5BJG5Q6,0,0
https://www.amazon.in/dp/B0D5BFYCL3,0,0
https://www.amazon.in/dp/B0D817LJWM,0,0
https://www.amazon.in/dp/B0D9KH2JD2,0,0
https://www.amazon.in/dp/B0D5BFW2MH,0,0
https://www.amazon.in/dp/B0D9KHVDK5,0,0
https://www.amazon.in/dp/B0D815TNLJ,0,0
https://www.amazon.in/dp/B0DFYZHN3D,0,0
https://www.amazon.in/dp/B0D817H7CC,0,0
https://www.amazon.in/dp/B0D9KGWWHK,0,0
https://www.amazon.in/dp/B0D9KH7SP2,0,0
https://www.amazon.in/dp/B0DFYYNG28,0,0
https://www.amazon.in/dp/B0DFZ11RJT,0,0
https://www.amazon.in/dp/B0DFYY19D9,0,0
https://www.amazon.in/dp/B0DFYZCZCC,0,0
https://www.amazon.in/dp/B0DFZ18RW5,0,0
https://www.amazon.in/dp/B0DKFQ2L38,0,0
https://www.amazon.in/dp/B0DFYX53VV,0,0
https://www.amazon.in/dp/B0DKFPZVSV,0,0
https://www.amazon.in/dp/B0DPX7S526,0,0
https://www.amazon.in/dp/B0DKFR7K4J,0,0
https://www.amazon.in/dp/B0DKFRF498,0,0
https://www.amazon.in/dp/B0DKFRT8SH,0,0
https://www.amazon.in/dp/B0DPX7QVFX,0,0
https://www.amazon.in/dp/B0DPX6KQ7C,0,0
https://www.amazon.in/dp/B0DPX7QZ5K,0,0
https://www.amazon.in/dp/B0DPXDLFDS,0,0
https://www.amazon.in/dp/B0DPX7TRG1,0,0
https://www.amazon.in/dp/B0DPX8T22P,0,0
https://www.amazon.in/dp/B0DPX89L2L,0,0
https://www.amazon.in/dp/B0DPX82L6H,0,0
https://www.amazon.in/dp/B0DPX7CRHQ,0,0
https://www.amazon.in/dp/B0DPX95DFL,0,0
https://www.amazon.in/dp/B0DPX9Y4V1,0,0
https://www.amazon.in/dp/B0DPX8M28C,0,0
https://www.amazon.in/dp/B0DPX8FGY8,0,0
https://www.amazon.in/dp/B0CW3M3NX7,0,0
https://www.amazon.in/dp/B0DPX8Q2XG,0,0
https://www.amazon.in/dp/B0D2V2K7HZ,0,0
https://www.amazon.in/dp/B0CVXRFT23,0,0
https://www.amazon.in/dp/B0D2TYJ6CS,0,0
https://www.amazon.in/dp/B0D5J2HRWL,0,0
https://www.amazon.in/dp/B0D5HZ9WMC,0,0
https://www.amazon.in/dp/B0DBVRR4JD,0,0
https://www.amazon.in/dp/B0D5HZNF3L,0,0
https://www.amazon.in/dp/B0DBVQ227S,0,0
https://www.amazon.in/dp/B0DBV39PN1,0,0
https://www.amazon.in/dp/B0DDTNBKDM,0,0
https://www.amazon.in/dp/B0DDTN2W6M,0,0
https://www.amazon.in/dp/B0DDTQQ16N,0,0
https://www.amazon.in/dp/B0D9LYS3XG,3.5 out of 5,5 global ratings
https://www.amazon.in/dp/B0DD4FFP3G,0,0
https://www.amazon.in/dp/B0DDCCNPFG,0,0
https://www.amazon.in/dp/B0DDCC2C93,0,0
https://www.amazon.in/dp/B0DG2K14GK,0,0
https://www.amazon.in/dp/B0DG2M68GY,0,0
https://www.amazon.in/dp/B0DG2KY1HJ,0,0
https://www.amazon.in/dp/B0DKFYP5DP,0,0
https://www.amazon.in/dp/B0DKFZCSXM,0,0
https://www.amazon.in/dp/B0DKFXG6WZ,0,0
https://www.amazon.in/dp/B0DKFYZHDC,0,0
https://www.amazon.in/dp/B0DPT2C2R9,0,0
https://www.amazon.in/dp/B0DPT2WB4K,0,0
https://www.amazon.in/dp/B0DPT4HZRJ,0,0
https://www.amazon.in/dp/B0DPT5XJMV,0,0
https://www.amazon.in/dp/B0DPT49FDW,0,0
https://www.amazon.in/dp/B0DPT3ZFS1,0,0
https://www.amazon.in/dp/B0CWDCKGV8,0,0
https://www.amazon.in/dp/B0D35SDX55,0,0
https://www.amazon.in/dp/B0D35SRH7S,0,0
https://www.amazon.in/dp/B0D35SS8NN,0,0
https://www.amazon.in/dp/B0D35SPV5V,0,0
https://www.amazon.in/dp/B0D35HGBN2,0,0
https://www.amazon.in/dp/B0D5J12CXV,0,0
https://www.amazon.in/dp/B0DBTXK869,0,0
https://www.amazon.in/dp/B0DBV63RJV,0,0
https://www.amazon.in/dp/B0DG2M9LPT,0,0
https://www.amazon.in/dp/B0D9LXSR2S,4.2 out of 5,8 global ratings
https://www.amazon.in/dp/B0D9LXZFTJ,0,0
https://www.amazon.in/dp/B0D9LXN2ZR,0,0
https://www.amazon.in/dp/B0DCW82PQ6,0,0
https://www.amazon.in/dp/B0DG2KB73S,0,0
https://www.amazon.in/dp/B0DG2KV3TH,0,0
https://www.amazon.in/dp/B0DG2KJXJZ,0,0
https://www.amazon.in/dp/B0DPT4ZZ4R,0,0
https://www.amazon.in/dp/B0DPT37C1G,0,0
https://www.amazon.in/dp/B0DPT226SH,0,0
https://www.amazon.in/dp/B0DPT3XP9Q,0,0
https://www.amazon.in/dp/B0DPT252N3,0,0
https://www.amazon.in/dp/B0DPT37KR9,0,0
https://www.amazon.in/dp/B0DPT4TJXC,0,0
https://www.amazon.in/dp/B0DPT2RV63,0,0
https://www.amazon.in/dp/B0DPT1YLPW,0,0
https://www.amazon.in/dp/B0DPT1H1PG,0,0
https://www.amazon.in/dp/B0DPT2HMSB,0,0
https://www.amazon.in/dp/B0DPT3VDYF,0,0
https://www.amazon.in/dp/B0D2V1L7HF,0,0
https://www.amazon.in/dp/B0D2TZTLTM,0,0
https://www.amazon.in/dp/B0D2TZV8M4,0,0
https://www.amazon.in/dp/B0D29DGB92,0,0
https://www.amazon.in/dp/B0CWD7CMF1,0,0
https://www.amazon.in/dp/B0DMFJNQ9H,0,0
https://www.amazon.in/dp/B0DPT44VX2,0,0
https://www.amazon.in/dp/B0DPT4Z58J,0,0
https://www.amazon.in/dp/B0DDTV38MG,0,0
https://www.amazon.in/dp/B0DDTTJCZ4,0,0
https://www.amazon.in/dp/B0D2RP7JN9,0,0
https://www.amazon.in/dp/B0D2Y6ZPHV,0,0
https://www.amazon.in/dp/B0CWDB6B7Q,0,0
https://www.amazon.in/dp/B0DPT3BTV8,0,0
https://www.amazon.in/dp/B0D2Y571KG,0,0
https://www.amazon.in/dp/B0D2Y4T71F,0,0
https://www.amazon.in/dp/B0D5MLJ7DL,0,0
https://www.amazon.in/dp/B0D4TY3283,0,0
https://www.amazon.in/dp/B0D2Y55GLF,0,0
https://www.amazon.in/dp/B0D5MLMZ1M,0,0
https://www.amazon.in/dp/B0D5MNV3ZY,0,0
https://www.amazon.in/dp/B0D5MJ3C1H,0,0
https://www.amazon.in/dp/B0D5MLX6R5,0,0
https://www.amazon.in/dp/B0DBVPBH9Z,0,0
https://www.amazon.in/dp/B0DDCSF3M8,0,0
https://www.amazon.in/dp/B0DDCRQ2S9,0,0
https://www.amazon.in/dp/B0DDCRDCVG,0,0
https://www.amazon.in/dp/B0DDCQJKLQ,0,0
https://www.amazon.in/dp/B0DBM1ZZ4B,0,0
https://www.amazon.in/dp/B0DBLZPXWF,0,0
https://www.amazon.in/dp/B0DBM3CWN5,0,0
https://www.amazon.in/dp/B0DBM3VLM8,0,0
https://www.amazon.in/dp/B0DD4DYN5D,0,0
https://www.amazon.in/dp/B0DGD5P14R,0,0
https://www.amazon.in/dp/B0DGD6ZVH1,0,0
https://www.amazon.in/dp/B0DGD61P13,0,0
https://www.amazon.in/dp/B0DGD6VXHD,0,0
https://www.amazon.in/dp/B0DGD65TSR,0,0
https://www.amazon.in/dp/B0DGD73P3Z,0,0
https://www.amazon.in/dp/B0DGD6N54P,0,0
https://www.amazon.in/dp/B0DGD74V65,0,0
https://www.amazon.in/dp/B0DFQ9S3CB,0,0
https://www.amazon.in/dp/B0DFQB4K2Z,0,0
https://www.amazon.in/dp/B0DGD4L4M2,0,0
https://www.amazon.in/dp/B0DFQ8LZ4F,0,0
https://www.amazon.in/dp/B0DGD69BKG,0,0
https://www.amazon.in/dp/B0DGQHZSH9,0,0
https://www.amazon.in/dp/B0DKPCRY74,0,0
https://www.amazon.in/dp/B0DKP9XLQS,0,0
https://www.amazon.in/dp/B0DKP9RFPH,0,0
https://www.amazon.in/dp/B0DKPCDL6P,0,0
https://www.amazon.in/dp/B0DKP9GM5P,0,0
https://www.amazon.in/dp/B0DPXFGZ41,0,0
https://www.amazon.in/dp/B0DPXFYQ13,0,0
https://www.amazon.in/dp/B0DPXDT914,0,0
https://www.amazon.in/dp/B0DPXCF2ZT,0,0
https://www.amazon.in/dp/B0DPXFPMM5,0,0
https://www.amazon.in/dp/B0DPXFDJ4K,0,0
https://www.amazon.in/dp/B0DPXDKKSS,0,0
https://www.amazon.in/dp/B0DPXFN7Y3,0,0
https://www.amazon.in/dp/B0DPXCKWPJ,0,0
https://www.amazon.in/dp/B0DPXDVNNJ,0,0
https://www.amazon.in/dp/B0DPXGBBLL,0,0
https://www.amazon.in/dp/B0DPXDYTWL,0,0
https://www.amazon.in/dp/B0DPXC6JQB,0,0
https://www.amazon.in/dp/B0DPXFGDWK,0,0
https://www.amazon.in/dp/B0DPXD48BH,0,0
https://www.amazon.in/dp/B0DPXG5XFD,0,0
