URL,Ratings,Reviews,Product Rating,Brand,Price,XS,S,M,L,XL,XXL
https://www.flipkart.com/product/p/itme?pid=TOPH3H3U4JDTGZVM,12753 ,"1,304 ",3.8,Serein,399,Yes,Yes,Yes,Yes,Yes,Yes
https://www.flipkart.com/product/p/itme?pid=TUNFP4QH8YHGRFY5,12753 ,"1,304 ",3.8,Serein,399,Yes,Yes,Yes,Yes,Yes,Yes
https://www.flipkart.com/product/p/itme?pid=RUGFCHDBDSMVFGFG,9596 ,952 ,3.8,Serein,389,Yes,Yes,Yes,Yes,Yes,Yes
https://www.flipkart.com/product/p/itme?pid=DREGHMV2DRTJMSTT,9532,853,3.7,FashFun,489,Yes,Yes,Yes,Yes,Yes,#N/A
https://www.flipkart.com/product/p/itme?pid=AZTGU853DRFUGJDH,9532,853,3.7,FashFun,489,Yes,Yes,Yes,Yes,Yes,#N/A
https://www.flipkart.com/product/p/itme?pid=DREGHGTWGHHKBH28,9532,853,3.7,FashFun,399,Yes,Yes,Yes,Yes,Yes,#N/A
https://www.flipkart.com/product/p/itme?pid=AZTH3H4KT8BAVJFZ,9532,853,3.7,FashFun,399,Yes,Yes,Yes,Yes,Yes,#N/A
https://www.flipkart.com/product/p/itme?pid=TOPF67USZHCXGYTF,5716 ,819 ,3.7,Serein,#N/A,#N/A,#N/A,#N/A,#N/A,#N/A,#N/A
https://www.flipkart.com/product/p/itme?pid=DREG7924GY4TC8QY,3429 ,305 ,3.9,Serein,399,Yes,Yes,Yes,Yes,Yes,#N/A
https://www.flipkart.com/product/p/itme?pid=DREGX4DKA6GSAH7Q,3429 ,305 ,3.9,Serein,399,Yes,Yes,Yes,Yes,Yes,#N/A
https://www.flipkart.com/product/p/itme?pid=TOPF8MREYZB8DGGF,3329 ,459 ,3.8,Serein,399,Yes,Yes,Yes,Yes,Yes,#N/A
https://www.flipkart.com/product/p/itme?pid=RUGF6YXMPU6Y9NT2,3054 ,312 ,3.7,Serein,389,Yes,Yes,Yes,Yes,Yes,Yes
https://www.flipkart.com/product/p/itme?pid=RUGFFAJPWM9KHPXM,3054 ,312 ,3.7,Serein,389,Yes,Yes,Yes,Yes,Yes,Yes
https://www.flipkart.com/product/p/itme?pid=RUGFH7WFNBGTGSZE,2682 ,245 ,3.6,Serein,389,Yes,Yes,Yes,Yes,#N/A,Yes
https://www.flipkart.com/product/p/itme?pid=AZTGWGYF3QQ6R2NV,2566,193,4.1,FashFun,489,Yes,Yes,Yes,Yes,Yes,#N/A
https://www.flipkart.com/product/p/itme?pid=AZTHFSFYZK2HYKZV,2566,193,4.1,FashFun,489,Yes,Yes,Yes,Yes,Yes,#N/A
https://www.flipkart.com/product/p/itme?pid=AZTHFSFYFZU5HTER,2566,193,4.1,FashFun,489,Yes,Yes,Yes,Yes,Yes,#N/A
https://www.flipkart.com/product/p/itme?pid=AZTH2V2GDRQSZKA8,2566,193,4.1,FashFun,399,Yes,Yes,Yes,Yes,Yes,#N/A
https://www.flipkart.com/product/p/itme?pid=AZTH2W5AGDDYFZSH,2566,193,4.1,FashFun,489,Yes,Yes,Yes,Yes,Yes,#N/A
https://www.flipkart.com/product/p/itme?pid=AZTH2V2QTGHYGBMJ,2566,193,4.1,FashFun,489,Yes,Yes,Yes,Yes,Yes,#N/A
https://www.flipkart.com/product/p/itme?pid=AZTH48ZPFZBFQMDN,2566,193,4.1,FashFun,489,Yes,Yes,Yes,Yes,Yes,#N/A
https://www.flipkart.com/product/p/itme?pid=AZTH48ZPMM3NXAGH,2566,193,4.1,FashFun,399,Yes,Yes,Yes,Yes,Yes,#N/A
https://www.flipkart.com/product/p/itme?pid=AZTH53Y8RKFQFT8Q,2566,193,4.1,FashFun,489,Yes,Yes,Yes,Yes,Yes,#N/A
https://www.flipkart.com/product/p/itme?pid=AZTH53XEUQ4HDPJR,2566,193,4.1,FashFun,489,Yes,Yes,Yes,Yes,Yes,#N/A
https://www.flipkart.com/product/p/itme?pid=AZTH53XEVM8Y5A3C,2566,193,4.1,FashFun,489,Yes,Yes,Yes,Yes,Yes,#N/A
https://www.flipkart.com/product/p/itme?pid=AZTH3BNFAYAAQF97,2566,193,4.1,FashFun,489,Yes,Yes,Yes,Yes,Yes,#N/A
https://www.flipkart.com/product/p/itme?pid=AZTH2EBMNTQFZAAY,2566,193,4.1,FashFun,489,Yes,Yes,Yes,Yes,Yes,#N/A
https://www.flipkart.com/product/p/itme?pid=AZTH53XE8BPB2USZ,2566,193,4.1,FashFun,599,Yes,Yes,Yes,Yes,Yes,#N/A
https://www.flipkart.com/product/p/itme?pid=AZTH2EBHERKSEUYR,2566,193,4.1,FashFun,399,Yes,Yes,Yes,Yes,Yes,#N/A
https://www.flipkart.com/product/p/itme?pid=JUMG4CMGCNYESHET,2255 ,189 ,3.9,Serein,449,Yes,Yes,Yes,Yes,Yes,#N/A
https://www.flipkart.com/product/p/itme?pid=DREGKW4KZKSF2DCD,1760,181,3.9,FashFun,489,Yes,Yes,Yes,Yes,Yes,#N/A
https://www.flipkart.com/product/p/itme?pid=AZTGWGXQKZCJZAEG,1760,181,3.9,FashFun,489,Yes,Yes,Yes,Yes,Yes,#N/A
https://www.flipkart.com/product/p/itme?pid=DREGQAGGHM6CMZJY,1760,181,3.9,FashFun,489,Yes,Yes,Yes,Yes,Yes,#N/A
https://www.flipkart.com/product/p/itme?pid=TOPFN865GRRZHGJB,1665 ,171 ,3.6,Serein,399,Yes,Yes,Yes,#N/A,#N/A,#N/A
https://www.flipkart.com/product/p/itme?pid=DREGWJ7C6TZ7QTXZ,1180 ,131 ,3.7,FashFun,499,Yes,Yes,Yes,Yes,Yes,#N/A
https://www.flipkart.com/product/p/itme?pid=DREHFYQJT3DTJJJB,1180 ,131 ,3.7,FashFun,399,Yes,Yes,Yes,Yes,Yes,#N/A
https://www.flipkart.com/product/p/itme?pid=DREH3BZXZ33YVGSK,1180 ,131 ,3.7,FashFun,499,Yes,Yes,Yes,Yes,Yes,#N/A
https://www.flipkart.com/product/p/itme?pid=DREH546TPBSMVTHX,1180 ,131 ,3.7,FashFun,399,Yes,Yes,Yes,Yes,Yes,#N/A
https://www.flipkart.com/product/p/itme?pid=DREH543GT54B6B4K,1180 ,131 ,3.7,FashFun,399,Yes,Yes,Yes,Yes,Yes,#N/A
https://www.flipkart.com/product/p/itme?pid=DREH543GSCFYANK2,1180 ,131 ,3.7,FashFun,399,Yes,Yes,Yes,Yes,Yes,#N/A
https://www.flipkart.com/product/p/itme?pid=DREH546TGGMKEY9S,1180 ,131 ,3.7,FashFun,399,Yes,Yes,Yes,Yes,Yes,#N/A
https://www.flipkart.com/product/p/itme?pid=DREH543GYTRYJQUZ,1180 ,131 ,3.7,FashFun,449,Yes,Yes,Yes,Yes,Yes,#N/A
https://www.flipkart.com/product/p/itme?pid=DREH3FRPGTQEY3ZZ,1180 ,131 ,3.7,FashFun,499,Yes,Yes,Yes,Yes,Yes,#N/A
https://www.flipkart.com/product/p/itme?pid=DREG2MJZVZN9V2QB,947 ,68 ,3.8,Serein,339,Yes,Yes,Yes,Yes,Yes,#N/A
https://www.flipkart.com/product/p/itme?pid=DREG2MJYVPJZG5BG,947 ,68 ,3.8,Serein,339,Yes,Yes,Yes,Yes,Yes,#N/A
https://www.flipkart.com/product/p/itme?pid=RUGFKGE5Z3MXZT7W,884 ,99 ,3.9,Serein,389,Yes,Yes,Yes,Yes,Yes,Yes
https://www.flipkart.com/product/p/itme?pid=TOPGXN8GG9XHB5QF,802 ,59 ,4.3,FashFun,609,Yes,Yes,Yes,Yes,Yes,#N/A
https://www.flipkart.com/product/p/itme?pid=TOPHYVXUHQXVKMHF,802 ,59 ,4.3,FashFun,609,Yes,Yes,Yes,Yes,Yes,#N/A
https://www.flipkart.com/product/p/itme?pid=TOPH49YKAZY2KZ7F,802 ,59 ,4.3,FashFun,609,Yes,Yes,Yes,Yes,Yes,#N/A
https://www.flipkart.com/product/p/itme?pid=KRTFGWCEDXC856HR,642 ,95 ,3.8,Serein,425,Yes,Yes,Yes,Yes,Yes,Yes
https://www.flipkart.com/product/p/itme?pid=DREFWJHM7HCGZHZV,592 ,67 ,4.2,Serein,339,#N/A,#N/A,#N/A,#N/A,Yes,#N/A
https://www.flipkart.com/product/p/itme?pid=RUGG2MJXPE5ZUZGX,584 ,58 ,3.4,Serein,#N/A,#N/A,#N/A,#N/A,#N/A,#N/A,#N/A
https://www.flipkart.com/product/p/itme?pid=DREG3ARFSKN29PBH,520 ,53 ,3.8,Serein,339,Yes,Yes,Yes,#N/A,#N/A,#N/A
https://www.flipkart.com/product/p/itme?pid=DREGMFNMWFFM6HZQ,449,36,4,FashFun,489,#N/A,#N/A,#N/A,Yes,#N/A,#N/A
https://www.flipkart.com/product/p/itme?pid=DREGGCVTPFTTXEUG,339,29,3.6,FashFun,489,Yes,Yes,Yes,Yes,#N/A,#N/A
https://www.flipkart.com/product/p/itme?pid=DREGMFKYVPHEYX4S,330,31,3.7,FashFun,399,#N/A,#N/A,#N/A,#N/A,Yes,#N/A
https://www.flipkart.com/product/p/itme?pid=AZTGUNM4ACGGX66N,330,31,3.7,FashFun,399,#N/A,#N/A,#N/A,Yes,#N/A,#N/A
https://www.flipkart.com/product/p/itme?pid=DREGDF7GAQRKHFMF,329 ,24 ,3.7,Serein,339,Yes,Yes,#N/A,#N/A,#N/A,#N/A
https://www.flipkart.com/product/p/itme?pid=SHTGRMFKNDWMDGMK,284 ,23 ,4,FashFun,299,Yes,Yes,Yes,Yes,Yes,#N/A
https://www.flipkart.com/product/p/itme?pid=SHTHFSFNTQPWB3VW,284 ,23 ,4,FashFun,299,Yes,Yes,Yes,Yes,Yes,#N/A
https://www.flipkart.com/product/p/itme?pid=JUMG7K6A6K5W28BU,276 ,21 ,4,Serein,#N/A,#N/A,#N/A,#N/A,#N/A,#N/A,#N/A
https://www.flipkart.com/product/p/itme?pid=DREGDF7GJXD8FVAR,270 ,24 ,3.9,Serein,339,Yes,Yes,Yes,Yes,Yes,#N/A
https://www.flipkart.com/product/p/itme?pid=DREGS49PENQA9G4D,284,11,3.7,FashFun,489,Yes,Yes,Yes,Yes,Yes,#N/A
https://www.flipkart.com/product/p/itme?pid=DREGJ2M5982GEHQF,256 ,26 ,3.9,FashFun,599,Yes,Yes,Yes,#N/A,Yes,#N/A
https://www.flipkart.com/product/p/itme?pid=AZTGWGXQSZHANXSH,255,28,4,FashFun,399,Yes,Yes,Yes,Yes,Yes,#N/A
https://www.flipkart.com/product/p/itme?pid=AZTHFYT7DQRHEG9Y,255,28,4,FashFun,399,Yes,Yes,Yes,Yes,Yes,#N/A
https://www.flipkart.com/product/p/itme?pid=AZTHFYT7SFXJHH2F,255,28,4,FashFun,399,Yes,Yes,Yes,Yes,Yes,#N/A
https://www.flipkart.com/product/p/itme?pid=AZTHFZNUGZD3DXAD,255,28,4,FashFun,399,Yes,Yes,Yes,Yes,Yes,#N/A
https://www.flipkart.com/product/p/itme?pid=AZTH48ZQ2JYWEUVC,255,28,4,FashFun,399,Yes,Yes,Yes,Yes,Yes,#N/A
https://www.flipkart.com/product/p/itme?pid=AZTH53Y8V5HGFKCP,255,28,4,FashFun,399,Yes,Yes,Yes,Yes,Yes,#N/A
https://www.flipkart.com/product/p/itme?pid=AZTH53XCMAKN5HFU,255,28,4,FashFun,399,Yes,Yes,Yes,Yes,Yes,#N/A
https://www.flipkart.com/product/p/itme?pid=AZTH53XCY5NPPTAP,255,28,4,FashFun,399,Yes,Yes,Yes,Yes,Yes,#N/A
https://www.flipkart.com/product/p/itme?pid=AZTH53XC8JTTRHYV,255,28,4,FashFun,399,Yes,Yes,Yes,Yes,Yes,#N/A
https://www.flipkart.com/product/p/itme?pid=AZTH4YKNTXEGRMRH,255,28,4,FashFun,399,Yes,Yes,Yes,Yes,Yes,#N/A
https://www.flipkart.com/product/p/itme?pid=AZTH3J83PP8R5WRH,255,28,4,FashFun,399,Yes,Yes,Yes,Yes,Yes,#N/A
https://www.flipkart.com/product/p/itme?pid=TOPGZTYG5F9PQGAC,247 ,23 ,4.1,FashFun,429,Yes,Yes,Yes,Yes,Yes,#N/A
https://www.flipkart.com/product/p/itme?pid=TOPHFYQQGFJYGNFD,247 ,23 ,4.1,FashFun,429,Yes,Yes,Yes,Yes,Yes,#N/A
https://www.flipkart.com/product/p/itme?pid=SHTGWHAXGH3VXK2T,235 ,27 ,3.8,FashFun,399,Yes,Yes,Yes,Yes,Yes,#N/A
https://www.flipkart.com/product/p/itme?pid=DREGKGYAFZGNEQZR,190,18,3.7,FashFun,489,#N/A,Yes,Yes,Yes,#N/A,#N/A
https://www.flipkart.com/product/p/itme?pid=RUGG2MJWMAGZYYCR,174 ,14 ,3.5,Serein,#N/A,#N/A,#N/A,#N/A,#N/A,#N/A,#N/A
https://www.flipkart.com/product/p/itme?pid=DREGJ2M5PMWQZQAG,166,5,3.4,FashFun,489,Yes,Yes,Yes,Yes,Yes,#N/A
https://www.flipkart.com/product/p/itme?pid=JUMG8459H7XZKCRZ,149 ,7 ,3.6,Serein,449,#N/A,#N/A,Yes,#N/A,#N/A,#N/A
https://www.flipkart.com/product/p/itme?pid=DREGGWZK2TGAACKF,149 ,8 ,3.4,FashFun,399,#N/A,Yes,#N/A,Yes,Yes,#N/A
https://www.flipkart.com/product/p/itme?pid=DREG4G3H6DE79GVE,148 ,18 ,3.5,Serein,#N/A,#N/A,#N/A,#N/A,#N/A,#N/A,#N/A
https://www.flipkart.com/product/p/itme?pid=SHTH48Y7W5QUBH2V,148 ,2 ,3.6,FashFun,299,Yes,Yes,Yes,Yes,Yes,#N/A
https://www.flipkart.com/product/p/itme?pid=SHTH4QTDZH5VTUVP,148 ,2 ,3.6,FashFun,299,Yes,Yes,Yes,Yes,Yes,#N/A
https://www.flipkart.com/product/p/itme?pid=JUMGFGG3SJFEGCHY,142 ,9 ,3.9,Serein,449,Yes,Yes,Yes,Yes,Yes,#N/A
https://www.flipkart.com/product/p/itme?pid=AZTGZUFVQGCUUSDH,145,10,3.9,FashFun,399,Yes,Yes,Yes,Yes,Yes,#N/A
https://www.flipkart.com/product/p/itme?pid=AZTH2V2HNGERGFWA,145,10,3.9,FashFun,399,Yes,Yes,Yes,Yes,Yes,#N/A
https://www.flipkart.com/product/p/itme?pid=RUGFW66G4EAVTZPT,137 ,12 ,3.6,Serein,#N/A,#N/A,#N/A,#N/A,#N/A,#N/A,#N/A
https://www.flipkart.com/product/p/itme?pid=RUGGFFY5HZZB6WZA,135 ,11 ,3.5,Serein,389,Yes,Yes,Yes,Yes,Yes,Yes
https://www.flipkart.com/product/p/itme?pid=JUMFWGBNYNSRXCRP,125 ,14 ,3.9,Serein,449,#N/A,#N/A,#N/A,Yes,#N/A,#N/A
https://www.flipkart.com/product/p/itme?pid=DREGBTFRTD4UPTGF,126 ,11 ,3.9,Serein,499,Yes,Yes,Yes,Yes,Yes,#N/A
https://www.flipkart.com/product/p/itme?pid=ETHGKZ9VFVUYXZAS,122 ,3 ,3.7,FashFun,650,Yes,Yes,Yes,Yes,Yes,#N/A
https://www.flipkart.com/product/p/itme?pid=DREGZFDYHEHWWDYK,120,14,4,FashFun,489,#N/A,#N/A,#N/A,Yes,Yes,#N/A
https://www.flipkart.com/product/p/itme?pid=DREH2TW3RZRPWVZA,126 ,9 ,3.8,FashFun,619,Yes,Yes,Yes,Yes,Yes,#N/A
https://www.flipkart.com/product/p/itme?pid=SHTGZTZZYCGEPFGS,120 ,12 ,3.9,FashFun,399,Yes,Yes,Yes,Yes,Yes,#N/A
https://www.flipkart.com/product/p/itme?pid=SHTGZTZZWRSXWB6H,120 ,12 ,3.9,FashFun,299,Yes,Yes,Yes,Yes,Yes,#N/A
https://www.flipkart.com/product/p/itme?pid=SHTGZTZZTSV3TYCQ,120 ,12 ,3.9,FashFun,299,Yes,Yes,Yes,Yes,Yes,#N/A
https://www.flipkart.com/product/p/itme?pid=SHTGZTZZF9ZYDAJB,120 ,12 ,3.9,FashFun,299,Yes,Yes,Yes,Yes,Yes,#N/A
https://www.flipkart.com/product/p/itme?pid=SHTGZTZZHTJZBVGW,120 ,12 ,3.9,FashFun,299,Yes,Yes,Yes,Yes,Yes,#N/A
https://www.flipkart.com/product/p/itme?pid=SHTGX6GZUBQSR8SV,109 ,5 ,4,FashFun,415,Yes,Yes,Yes,Yes,Yes,#N/A
https://www.flipkart.com/product/p/itme?pid=AZTGUHPJE4UPZF7C,107,6,3.4,FashFun,489,Yes,Yes,Yes,#N/A,#N/A,#N/A
https://www.flipkart.com/product/p/itme?pid=RUGG2MJWCJQPDFCH,104 ,7 ,3.4,Serein,#N/A,#N/A,#N/A,#N/A,#N/A,#N/A,#N/A
https://www.flipkart.com/product/p/itme?pid=DREGGWZKKHZCJVDX,103 ,11 ,3.6,FashFun,339,#N/A,#N/A,#N/A,#N/A,Yes,#N/A
https://www.flipkart.com/product/p/itme?pid=DREGT8EGVH3EZYMJ,104,10,4.1,FashFun,399,#N/A,Yes,Yes,Yes,Yes,#N/A
https://www.flipkart.com/product/p/itme?pid=DREGZ942QPGYW9KF,97 ,4 ,3.2,FashFun,399,Yes,Yes,Yes,Yes,Yes,#N/A
https://www.flipkart.com/product/p/itme?pid=DREGTWYJGESASNMW,97 ,4 ,3.2,FashFun,399,Yes,Yes,Yes,Yes,Yes,#N/A
https://www.flipkart.com/product/p/itme?pid=RUGG3ZDZX44MRREZ,94 ,5 ,3.2,Serein,389,Yes,Yes,Yes,Yes,Yes,Yes
https://www.flipkart.com/product/p/itme?pid=JUMG37HZGYHVJTYX,93 ,7 ,3.8,Serein,449,Yes,#N/A,#N/A,#N/A,Yes,#N/A
https://www.flipkart.com/product/p/itme?pid=JUMFS93G37ZPET5Z,91 ,18 ,3.7,Serein,449,#N/A,#N/A,#N/A,Yes,#N/A,#N/A
https://www.flipkart.com/product/p/itme?pid=RUGG9UD4H7YFQYHY,91 ,4 ,3.4,Serein,389,#N/A,Yes,#N/A,#N/A,Yes,#N/A
https://www.flipkart.com/product/p/itme?pid=DREG4G4CEWGGNZ7S,90 ,12 ,3.4,Serein,399,Yes,Yes,Yes,Yes,Yes,#N/A
https://www.flipkart.com/product/p/itme?pid=DREHYUN3HJGBAQD8,103 ,3 ,4.2,FashFun,499,Yes,Yes,Yes,Yes,Yes,#N/A
https://www.flipkart.com/product/p/itme?pid=DREH543GZWRGU5HX,103 ,3 ,4.2,FashFun,499,Yes,Yes,Yes,Yes,Yes,#N/A
https://www.flipkart.com/product/p/itme?pid=DREGKPE8AWTBJD6F,86,11,3.9,FashFun,489,#N/A,#N/A,#N/A,#N/A,Yes,#N/A
https://www.flipkart.com/product/p/itme?pid=NSTGHY4DXGYG2GFP,85 ,7 ,3.5,FashFun,499,#N/A,Yes,#N/A,#N/A,#N/A,#N/A
https://www.flipkart.com/product/p/itme?pid=DREHFSFXAD9TZ8MV,83 ,3 ,3.5,FashFun,499,Yes,Yes,Yes,Yes,Yes,#N/A
https://www.flipkart.com/product/p/itme?pid=DREGZ942ZPRRBENE,81 ,6 ,4.3,FashFun,339,Yes,Yes,Yes,Yes,Yes,#N/A
https://www.flipkart.com/product/p/itme?pid=ETHGRSZ6CXXYGG3V,80 ,10 ,3.8,FashFun,700,Yes,Yes,Yes,Yes,Yes,#N/A
https://www.flipkart.com/product/p/itme?pid=ETHGRSZ5HZXYAQAZ,80 ,10 ,3.8,FashFun,700,Yes,Yes,Yes,Yes,Yes,#N/A
https://www.flipkart.com/product/p/itme?pid=SHTGKFF3YABGJBCD,75 ,7 ,4,FashFun,399,#N/A,#N/A,#N/A,#N/A,Yes,#N/A
https://www.flipkart.com/product/p/itme?pid=AZTGWGYFDKBZHXPF,72,18,4,FashFun,399,#N/A,#N/A,#N/A,#N/A,Yes,#N/A
https://www.flipkart.com/product/p/itme?pid=DREGXM3PAZM6BSYN,87 ,15 ,4.2,FashFun,619,Yes,Yes,Yes,Yes,#N/A,#N/A
https://www.flipkart.com/product/p/itme?pid=DREHYUZ2XPQGNDBX,87 ,15 ,4.2,FashFun,619,Yes,Yes,Yes,Yes,#N/A,#N/A
https://www.flipkart.com/product/p/itme?pid=AZTH48ZQSG6HWHPB,77,12,3.7,FashFun,599,Yes,Yes,Yes,Yes,Yes,#N/A
https://www.flipkart.com/product/p/itme?pid=AZTH5Q8TF6RXYD6A,77,12,3.7,FashFun,599,Yes,Yes,Yes,Yes,Yes,#N/A
https://www.flipkart.com/product/p/itme?pid=DREGJFEYFUGBE2GZ,65 ,11 ,3.7,FashFun,399,Yes,Yes,Yes,Yes,Yes,#N/A
https://www.flipkart.com/product/p/itme?pid=TOPG35DAJB5NFZ2V,63 ,2 ,3.9,Serein,399,Yes,Yes,Yes,Yes,Yes,#N/A
https://www.flipkart.com/product/p/itme?pid=DREGEYU5KTBGUQP6,62 ,5 ,4.2,Serein,499,Yes,#N/A,Yes,Yes,Yes,#N/A
https://www.flipkart.com/product/p/itme?pid=DREGTAGZHNDQGFZA,62 ,15 ,4.4,FashFun,399,Yes,Yes,Yes,Yes,Yes,#N/A
https://www.flipkart.com/product/p/itme?pid=JUMGPZDZJFSGZQQY,65 ,6 ,3.6,FashFun,449,Yes,Yes,Yes,Yes,Yes,#N/A
https://www.flipkart.com/product/p/itme?pid=JUMHYUNPXBMZYWFT,65 ,6 ,3.6,FashFun,449,Yes,Yes,Yes,Yes,Yes,#N/A
https://www.flipkart.com/product/p/itme?pid=JUMHYUNPHHZMRQXG,65 ,6 ,3.6,FashFun,449,Yes,Yes,Yes,Yes,Yes,#N/A
https://www.flipkart.com/product/p/itme?pid=SHTFNVDUZZVGUTYK,59 ,8 ,3.3,Serein,299,#N/A,#N/A,Yes,#N/A,#N/A,#N/A
https://www.flipkart.com/product/p/itme?pid=DREGDF7HSU4R4GU2,57 ,2 ,3.7,Serein,399,#N/A,#N/A,#N/A,Yes,#N/A,#N/A
https://www.flipkart.com/product/p/itme?pid=DREGSUSYGWDNZWKG,57 ,3 ,3.8,FashFun,675,Yes,#N/A,Yes,Yes,Yes,#N/A
https://www.flipkart.com/product/p/itme?pid=JUMFZHQ8ZXFPJGBG,55 ,10 ,3.7,Serein,449,Yes,Yes,Yes,Yes,Yes,#N/A
https://www.flipkart.com/product/p/itme?pid=RUGGWNPGYQFG53VK,56 ,16 ,4.2,FashFun,#N/A,#N/A,#N/A,#N/A,#N/A,#N/A,#N/A
https://www.flipkart.com/product/p/itme?pid=RUGGWNQP2ZVHEZWG,56 ,16 ,4.2,FashFun,#N/A,#N/A,#N/A,#N/A,#N/A,#N/A,#N/A
https://www.flipkart.com/product/p/itme?pid=RUGGTWYM4YFBZATY,56 ,16 ,4.2,FashFun,389,Yes,Yes,Yes,Yes,Yes,#N/A
https://www.flipkart.com/product/p/itme?pid=DREG5W4APTHZ9YN5,54 ,7 ,3.2,Serein,499,#N/A,Yes,#N/A,#N/A,#N/A,#N/A
https://www.flipkart.com/product/p/itme?pid=DREHYUN4RSUY7EHH,54 ,3 ,3.5,FashFun,399,Yes,Yes,Yes,Yes,Yes,#N/A
https://www.flipkart.com/product/p/itme?pid=DREGXM4C8GZ7JGDC,51 ,22 ,4.1,FashFun,499,Yes,Yes,Yes,Yes,Yes,#N/A
https://www.flipkart.com/product/p/itme?pid=DREGGWZKUDEPCVB9,50 ,1 ,3.4,FashFun,499,Yes,#N/A,#N/A,#N/A,#N/A,#N/A
https://www.flipkart.com/product/p/itme?pid=JUMGFGG5SFVHHBZR,49 ,3 ,3.7,Serein,449,Yes,Yes,Yes,Yes,Yes,#N/A
https://www.flipkart.com/product/p/itme?pid=NSTGYN5N27DPFGHY,47 ,7 ,2.9,Serein,499,#N/A,Yes,Yes,#N/A,Yes,#N/A
https://www.flipkart.com/product/p/itme?pid=AZTGVGGQRFAZSF2Y,47,1,3.1,FashFun,399,#N/A,Yes,Yes,Yes,Yes,#N/A
https://www.flipkart.com/product/p/itme?pid=AZTGWGXQAX6AQMW3,47,12,3.9,FashFun,489,#N/A,#N/A,Yes,Yes,Yes,#N/A
https://www.flipkart.com/product/p/itme?pid=TOPGPZC4ZYPUZP3Z,46 ,4 ,3.5,FashFun,399,#N/A,#N/A,#N/A,#N/A,Yes,#N/A
https://www.flipkart.com/product/p/itme?pid=DREGRMFKBPWYPPVW,47 ,13 ,4.1,FashFun,339,Yes,Yes,Yes,Yes,Yes,#N/A
https://www.flipkart.com/product/p/itme?pid=DREGWJ7C397X678A,47 ,13 ,4.1,FashFun,399,Yes,Yes,Yes,Yes,Yes,#N/A
https://www.flipkart.com/product/p/itme?pid=DREHFSFFEM9DPRBP,47 ,13 ,4.1,FashFun,#N/A,#N/A,#N/A,#N/A,#N/A,#N/A,#N/A
https://www.flipkart.com/product/p/itme?pid=NSTFZSFEWS4HBZRE,42 ,5 ,3.1,Serein,499,#N/A,#N/A,Yes,#N/A,#N/A,#N/A
https://www.flipkart.com/product/p/itme?pid=TOPH49YHAGZNXHHU,45 ,6 ,3.2,FashFun,399,Yes,Yes,Yes,Yes,Yes,#N/A
https://www.flipkart.com/product/p/itme?pid=TOPGZ3NKGBHK5HTT,40 ,11 ,4.1,FashFun,399,#N/A,#N/A,#N/A,Yes,Yes,#N/A
https://www.flipkart.com/product/p/itme?pid=TOPGX6JH2NZASVDC,42 ,1 ,3.4,FashFun,399,Yes,Yes,Yes,Yes,Yes,#N/A
https://www.flipkart.com/product/p/itme?pid=TOPGM2GG5GY8JRQZ,42 ,1 ,3.4,FashFun,399,Yes,Yes,Yes,Yes,Yes,#N/A
https://www.flipkart.com/product/p/itme?pid=TOPGM2BRCYBYQV5H,42 ,1 ,3.4,FashFun,399,Yes,Yes,Yes,Yes,Yes,#N/A
https://www.flipkart.com/product/p/itme?pid=ETHGHUHBUHHXSMPA,38 ,2 ,3.6,FashFun,499,#N/A,#N/A,#N/A,Yes,#N/A,#N/A
https://www.flipkart.com/product/p/itme?pid=SHTGPZC6YY6YT3ZQ,38 ,2 ,3.8,FashFun,399,Yes,Yes,Yes,Yes,Yes,#N/A
https://www.flipkart.com/product/p/itme?pid=SHTGPZC7JGQXZPYV,38 ,2 ,3.8,FashFun,299,Yes,Yes,Yes,Yes,Yes,#N/A
https://www.flipkart.com/product/p/itme?pid=DREGXM3RBAZYKHFK,37 ,19 ,4.5,FashFun,399,Yes,Yes,Yes,Yes,Yes,#N/A
https://www.flipkart.com/product/p/itme?pid=KTAGDUU95F5HNDWG,37 ,7 ,3.3,Serein,450,Yes,Yes,Yes,Yes,Yes,#N/A
https://www.flipkart.com/product/p/itme?pid=AZTHFZNUJ7HXHTWV,38,0,3.2,FashFun,399,Yes,Yes,Yes,Yes,Yes,#N/A
https://www.flipkart.com/product/p/itme?pid=DREGZFDYHCZN7YJG,35,2,3.3,FashFun,399,#N/A,#N/A,#N/A,Yes,#N/A,#N/A
https://www.flipkart.com/product/p/itme?pid=SHTHYVVXFZTZMJGJ,37 ,2 ,4.2,FashFun,299,Yes,Yes,Yes,Yes,Yes,#N/A
https://www.flipkart.com/product/p/itme?pid=JUMGK9U7GN9UGG9J,34 ,7 ,3.6,Serein,449,#N/A,Yes,#N/A,#N/A,#N/A,#N/A
https://www.flipkart.com/product/p/itme?pid=AZTHFSFYPKYJ7NVP,36,3,4.3,FashFun,399,Yes,Yes,Yes,Yes,Yes,#N/A
https://www.flipkart.com/product/p/itme?pid=AZTHFSFYEAGUGGEZ,36,3,4.3,FashFun,489,Yes,Yes,Yes,Yes,Yes,#N/A
https://www.flipkart.com/product/p/itme?pid=SHTHFSFZQXB3ATB4,33 ,1 ,3.3,FashFun,299,Yes,Yes,Yes,Yes,Yes,#N/A
https://www.flipkart.com/product/p/itme?pid=DREFNWA8E9HBCTSX,33 ,6 ,3.1,Serein,339,#N/A,#N/A,Yes,#N/A,#N/A,#N/A
https://www.flipkart.com/product/p/itme?pid=DREGTAGXNBVG2V3G,34 ,1 ,4,FashFun,399,Yes,Yes,Yes,Yes,Yes,#N/A
https://www.flipkart.com/product/p/itme?pid=DREGHWHXRC3YAX6G,33 ,3 ,3.7,FashFun,399,#N/A,#N/A,Yes,#N/A,#N/A,#N/A
https://www.flipkart.com/product/p/itme?pid=SHTGWHAXYJQRSEKA,34 ,0 ,3.8,FashFun,425,Yes,Yes,Yes,Yes,Yes,#N/A
https://www.flipkart.com/product/p/itme?pid=SHTGWHAXX2RFCGHV,34 ,0 ,3.8,FashFun,425,Yes,Yes,Yes,Yes,Yes,#N/A
https://www.flipkart.com/product/p/itme?pid=DREH2TSHHDMJ8UPS,31 ,3 ,3.5,FashFun,499,Yes,Yes,Yes,Yes,Yes,#N/A
https://www.flipkart.com/product/p/itme?pid=BZRGXN4AGUCDNQFD,32 ,12 ,3.8,FashFun,379,Yes,Yes,Yes,Yes,Yes,#N/A
https://www.flipkart.com/product/p/itme?pid=TOPGV667RFYZ5RVM,31 ,0 ,3.6,FashFun,399,Yes,Yes,Yes,Yes,Yes,#N/A
https://www.flipkart.com/product/p/itme?pid=ETHGQ3T9K9ZR8SGA,31 ,0 ,3.9,FashFun,750,Yes,Yes,Yes,Yes,Yes,#N/A
https://www.flipkart.com/product/p/itme?pid=SHTGFGKZYCK8CH8M,27 ,3 ,3.9,Serein,399,Yes,#N/A,#N/A,#N/A,Yes,#N/A
https://www.flipkart.com/product/p/itme?pid=AZTGYJH3TKQFFJEX,27,1,3.8,FashFun,399,Yes,Yes,Yes,Yes,Yes,#N/A
https://www.flipkart.com/product/p/itme?pid=AZTGYJH3BGFYXMZA,27,1,3.8,FashFun,489,Yes,Yes,Yes,Yes,Yes,#N/A
https://www.flipkart.com/product/p/itme?pid=TROGFGKCUFNTFDRB,27 ,2 ,3,Serein,399,#N/A,#N/A,Yes,#N/A,#N/A,#N/A
https://www.flipkart.com/product/p/itme?pid=DREGZEYYRXYP8U5P,27 ,3 ,3.7,FashFun,339,Yes,#N/A,Yes,Yes,Yes,#N/A
https://www.flipkart.com/product/p/itme?pid=DREGKG2TPHBMQFCW,25 ,2 ,4,FashFun,449,Yes,#N/A,Yes,#N/A,#N/A,#N/A
https://www.flipkart.com/product/p/itme?pid=DREGKGFYBEYUPCFV,25 ,2 ,4,FashFun,#N/A,#N/A,#N/A,#N/A,#N/A,#N/A,#N/A
https://www.flipkart.com/product/p/itme?pid=BZRGWH6QJYEZHS7K,27 ,3 ,3.8,FashFun,379,Yes,Yes,Yes,Yes,Yes,#N/A
https://www.flipkart.com/product/p/itme?pid=SHTHFSFNSYWGYYCG,26 ,1 ,3.9,FashFun,399,Yes,Yes,Yes,Yes,Yes,#N/A
https://www.flipkart.com/product/p/itme?pid=AZTH3CJFMGB4S8VZ,25,5,3.6,FashFun,489,Yes,Yes,Yes,Yes,Yes,#N/A
https://www.flipkart.com/product/p/itme?pid=AZTH3CHYBNYEGFDH,25,5,3.6,FashFun,489,Yes,Yes,Yes,Yes,Yes,#N/A
https://www.flipkart.com/product/p/itme?pid=DREH2TU57M5HYJWU,28 ,6 ,3.9,FashFun,499,Yes,Yes,Yes,Yes,Yes,#N/A
https://www.flipkart.com/product/p/itme?pid=BZRGWK9AAGG2RG35,24 ,1 ,3.6,FashFun,439,Yes,Yes,Yes,Yes,Yes,#N/A
https://www.flipkart.com/product/p/itme?pid=BZRGWK9BWCCCZZQV,24 ,1 ,3.6,FashFun,#N/A,#N/A,#N/A,#N/A,#N/A,#N/A,#N/A
https://www.flipkart.com/product/p/itme?pid=TOPH2TT4RCKNEFM8,29 ,1 ,4.3,FashFun,429,Yes,Yes,Yes,Yes,#N/A,#N/A
https://www.flipkart.com/product/p/itme?pid=TOPH2TT4DBYYSSGA,29 ,1 ,4.3,FashFun,609,Yes,Yes,Yes,Yes,#N/A,#N/A
https://www.flipkart.com/product/p/itme?pid=TROGUQTTCQ79VASK,23 ,6 ,4.2,FashFun,475,Yes,Yes,Yes,Yes,Yes,#N/A
https://www.flipkart.com/product/p/itme?pid=DREG2MK5YTVJP4V6,22 ,2 ,3.6,Serein,339,#N/A,#N/A,Yes,#N/A,#N/A,#N/A
https://www.flipkart.com/product/p/itme?pid=DREGZEYXGEGZXWFK,21 ,1 ,4.2,FashFun,339,Yes,Yes,Yes,Yes,Yes,#N/A
https://www.flipkart.com/product/p/itme?pid=TOPH492VJFK8XESD,24 ,1 ,3.5,FashFun,399,Yes,Yes,Yes,Yes,Yes,#N/A
https://www.flipkart.com/product/p/itme?pid=DREGZ942ZQMA42AG,20 ,2 ,3.5,FashFun,399,Yes,Yes,Yes,Yes,Yes,#N/A
https://www.flipkart.com/product/p/itme?pid=JUMG9J74N8FV24PH,20 ,3 ,3.5,Serein,449,Yes,#N/A,Yes,Yes,#N/A,#N/A
https://www.flipkart.com/product/p/itme?pid=AZTGWZKAGVUM3EBE,19,2,3.4,FashFun,489,#N/A,#N/A,#N/A,Yes,Yes,#N/A
https://www.flipkart.com/product/p/itme?pid=DREGZTYJFWTGBWEW,19 ,11 ,3.9,FashFun,499,Yes,Yes,Yes,Yes,Yes,#N/A
https://www.flipkart.com/product/p/itme?pid=SHTH48Y7UAY4JZZA,38 ,11 ,3.3,FashFun,299,Yes,Yes,Yes,Yes,Yes,#N/A
https://www.flipkart.com/product/p/itme?pid=RUGGTWYMKQTCEYBM,18 ,10 ,4.7,FashFun,389,Yes,Yes,Yes,Yes,Yes,#N/A
https://www.flipkart.com/product/p/itme?pid=SHTGZTZZGYS8H2Q2,20 ,4 ,3.8,FashFun,399,Yes,Yes,Yes,Yes,Yes,#N/A
https://www.flipkart.com/product/p/itme?pid=ETHGM7RVZ83GPAGU,17 ,1 ,3.2,FashFun,699,#N/A,Yes,#N/A,Yes,Yes,#N/A
https://www.flipkart.com/product/p/itme?pid=KTAGFGKTZSG3RTBN,17 ,1 ,3.8,Serein,475,Yes,Yes,Yes,Yes,Yes,#N/A
https://www.flipkart.com/product/p/itme?pid=DREGWJ7CBPWAGNE7,17 ,10 ,4.4,FashFun,399,#N/A,#N/A,#N/A,Yes,#N/A,#N/A
https://www.flipkart.com/product/p/itme?pid=AZTH4YKNMFFHXJ7H,19,2,3.9,FashFun,489,Yes,Yes,Yes,Yes,Yes,#N/A
https://www.flipkart.com/product/p/itme?pid=AZTH4YKNG3JS5FGD,19,2,3.9,FashFun,489,Yes,Yes,Yes,Yes,Yes,#N/A
https://www.flipkart.com/product/p/itme?pid=AZTH4YKZMEMYNGK8,19,2,3.9,FashFun,399,Yes,Yes,Yes,Yes,Yes,#N/A
https://www.flipkart.com/product/p/itme?pid=AZTH4YKNVXZZTF4U,19,2,3.9,FashFun,489,Yes,Yes,Yes,Yes,Yes,#N/A
https://www.flipkart.com/product/p/itme?pid=AZTH4YKZQQJFGCTS,19,2,3.9,FashFun,489,Yes,Yes,Yes,Yes,Yes,#N/A
https://www.flipkart.com/product/p/itme?pid=AZTH4YKNAKGVPHJ4,19,2,3.9,FashFun,489,Yes,Yes,Yes,Yes,Yes,#N/A
https://www.flipkart.com/product/p/itme?pid=AZTGZUFVFSNFYBJ5,16,0,4.1,FashFun,489,#N/A,#N/A,#N/A,Yes,#N/A,#N/A
https://www.flipkart.com/product/p/itme?pid=AZTH2VUR4SZGNKGD,16,0,4.1,FashFun,399,#N/A,#N/A,Yes,#N/A,#N/A,#N/A
https://www.flipkart.com/product/p/itme?pid=DREGKFDEEYBJ8RYA,16,3,3.8,FashFun,#N/A,#N/A,#N/A,#N/A,#N/A,#N/A,#N/A
https://www.flipkart.com/product/p/itme?pid=SHTGKFF3H3K8UHUK,17 ,0 ,3.7,FashFun,299,Yes,#N/A,Yes,Yes,Yes,#N/A
https://www.flipkart.com/product/p/itme?pid=SHTGMMEAHZ29YGHV,16 ,6 ,3.9,FashFun,399,Yes,Yes,Yes,Yes,Yes,#N/A
https://www.flipkart.com/product/p/itme?pid=SHTGRMCUYRTDWBYS,16 ,6 ,3.9,FashFun,399,Yes,Yes,Yes,Yes,Yes,#N/A
https://www.flipkart.com/product/p/itme?pid=DREGCNQTFV5FFGBE,16 ,0 ,3.2,Serein,339,Yes,Yes,#N/A,Yes,Yes,#N/A
https://www.flipkart.com/product/p/itme?pid=DREGDF7G65ZNZRCG,16 ,0 ,4.4,Serein,499,Yes,Yes,Yes,Yes,Yes,#N/A
https://www.flipkart.com/product/p/itme?pid=JUMGFGG3KZZCHH6G,16 ,2 ,3.8,Serein,449,#N/A,Yes,#N/A,#N/A,#N/A,#N/A
https://www.flipkart.com/product/p/itme?pid=TOPGX6NDVM38WK4R,16 ,0 ,3.4,FashFun,399,Yes,Yes,Yes,Yes,Yes,#N/A
https://www.flipkart.com/product/p/itme?pid=SHTGZTZZV2Y3AWSG,17 ,2 ,3.5,FashFun,299,Yes,Yes,Yes,Yes,Yes,#N/A
https://www.flipkart.com/product/p/itme?pid=SHTH48XGMZURVR8C,17 ,2 ,3.5,FashFun,299,Yes,Yes,Yes,Yes,Yes,#N/A
https://www.flipkart.com/product/p/itme?pid=SHTH4B34ZG5DXFZY,18 ,1 ,2.9,FashFun,#N/A,#N/A,#N/A,#N/A,#N/A,#N/A,#N/A
https://www.flipkart.com/product/p/itme?pid=TOPGSJUFJU7BHBR5,15 ,1 ,2.8,FashFun,399,Yes,Yes,Yes,Yes,Yes,#N/A
https://www.flipkart.com/product/p/itme?pid=TOPGSJUBBSB2DVHH,15 ,1 ,2.8,FashFun,399,Yes,Yes,Yes,Yes,Yes,#N/A
https://www.flipkart.com/product/p/itme?pid=ETHGQ3T7VX2ERRWS,15 ,3 ,3.5,FashFun,675,#N/A,#N/A,#N/A,Yes,Yes,#N/A
https://www.flipkart.com/product/p/itme?pid=NSTGYN5NDTHSDMXH,15 ,3 ,3.3,Serein,499,#N/A,Yes,Yes,#N/A,#N/A,#N/A
https://www.flipkart.com/product/p/itme?pid=RUGGXZ38MDFTVRPT,14 ,10 ,4.1,FashFun,389,Yes,Yes,Yes,Yes,Yes,#N/A
https://www.flipkart.com/product/p/itme?pid=JUMGQH6HQDZCVMCW,14 ,2 ,3.6,FashFun,449,#N/A,Yes,#N/A,#N/A,#N/A,#N/A
https://www.flipkart.com/product/p/itme?pid=DREGZFDYDAMBNUYH,14,1,3.5,FashFun,399,#N/A,Yes,Yes,Yes,#N/A,#N/A
https://www.flipkart.com/product/p/itme?pid=DREGZFDYYZRJT3PX,14,0,3.4,FashFun,399,#N/A,#N/A,Yes,Yes,#N/A,#N/A
https://www.flipkart.com/product/p/itme?pid=RUGGSJSKT4RQJ3SY,15 ,1 ,3.5,FashFun,389,Yes,Yes,Yes,Yes,Yes,#N/A
https://www.flipkart.com/product/p/itme?pid=RUGFH2ASFMJU9HY6,14 ,1 ,3.6,Serein,389,Yes,Yes,Yes,Yes,Yes,Yes
https://www.flipkart.com/product/p/itme?pid=AZTGWGXS8DMSJCT7,14,1,4.1,FashFun,489,#N/A,#N/A,Yes,#N/A,#N/A,#N/A
https://www.flipkart.com/product/p/itme?pid=ETHGQ3T7EMKT3BZM,14 ,3 ,4.3,FashFun,720,Yes,Yes,Yes,Yes,Yes,#N/A
https://www.flipkart.com/product/p/itme?pid=DREGKFDCHM88JKHM,13,2,3.7,FashFun,489,#N/A,Yes,#N/A,#N/A,#N/A,#N/A
https://www.flipkart.com/product/p/itme?pid=TOPGZCGYPG2TDRDG,13 ,0 ,3.6,FashFun,399,#N/A,Yes,#N/A,#N/A,#N/A,#N/A
https://www.flipkart.com/product/p/itme?pid=SHTGPZC7PDN4PXVT,13 ,0 ,3.8,FashFun,299,Yes,Yes,Yes,Yes,Yes,#N/A
https://www.flipkart.com/product/p/itme?pid=ETHGQ3T9GDWCNNGJ,13 ,0 ,3.8,FashFun,650,Yes,Yes,Yes,Yes,Yes,#N/A
https://www.flipkart.com/product/p/itme?pid=DREH2TU45ZRENAD4,13 ,2 ,3.4,FashFun,499,Yes,Yes,Yes,Yes,Yes,#N/A
https://www.flipkart.com/product/p/itme?pid=TROGZ7YTPWXVFKCM,12 ,1 ,3.4,FashFun,475,Yes,Yes,Yes,Yes,Yes,#N/A
https://www.flipkart.com/product/p/itme?pid=DREGFGHRZD4AHZ25,12 ,0 ,3.3,Serein,339,#N/A,#N/A,#N/A,#N/A,Yes,#N/A
https://www.flipkart.com/product/p/itme?pid=RUGGY6KTTBWMYHUW,12 ,1 ,3.8,Serein,#N/A,#N/A,#N/A,#N/A,#N/A,#N/A,#N/A
https://www.flipkart.com/product/p/itme?pid=NSTFZUAQWZEU8YFE,12 ,2 ,2.9,Serein,499,#N/A,#N/A,Yes,Yes,#N/A,#N/A
https://www.flipkart.com/product/p/itme?pid=DREGYZY4U5NWC9ZU,12 ,0 ,3.6,FashFun,619,Yes,Yes,Yes,Yes,Yes,#N/A
https://www.flipkart.com/product/p/itme?pid=DREHYUN44MF5YDKQ,14 ,1 ,4.4,FashFun,619,Yes,Yes,Yes,Yes,#N/A,#N/A
https://www.flipkart.com/product/p/itme?pid=DREHFSFYV9BWGMDJ,14 ,1 ,4.4,FashFun,619,Yes,Yes,Yes,Yes,#N/A,#N/A
https://www.flipkart.com/product/p/itme?pid=KTAFY8G2MHEW7CMB,11 ,3 ,3.5,Serein,399,#N/A,Yes,#N/A,#N/A,#N/A,#N/A
https://www.flipkart.com/product/p/itme?pid=TOPH4SRVMUSXNNWV,12 ,0 ,4.4,FashFun,399,Yes,Yes,Yes,Yes,Yes,#N/A
https://www.flipkart.com/product/p/itme?pid=DREGQ4ZBGYCG3ZC6,10 ,2 ,3.9,FashFun,499,Yes,Yes,Yes,Yes,Yes,#N/A
https://www.flipkart.com/product/p/itme?pid=DREGZ7YRF4H9GW5J,10 ,0 ,3.8,FashFun,499,Yes,Yes,Yes,Yes,Yes,#N/A
https://www.flipkart.com/product/p/itme?pid=DREGZCGBWXFEZ43V,11 ,1 ,3.1,FashFun,399,Yes,Yes,Yes,Yes,Yes,#N/A
https://www.flipkart.com/product/p/itme?pid=DREGBFN3P7XKQGTE,10 ,1 ,2.2,Serein,339,Yes,Yes,Yes,Yes,Yes,#N/A
https://www.flipkart.com/product/p/itme?pid=DREGSJS86PC6C8ZC,10 ,0 ,3.3,FashFun,399,Yes,Yes,Yes,Yes,Yes,#N/A
https://www.flipkart.com/product/p/itme?pid=DREH2TU6DGWZQYCE,10 ,2 ,4.1,FashFun,619,Yes,Yes,Yes,Yes,Yes,#N/A
https://www.flipkart.com/product/p/itme?pid=AZTHFSFYGCUPK3KM,11,1,3.6,FashFun,399,Yes,Yes,Yes,#N/A,#N/A,#N/A
https://www.flipkart.com/product/p/itme?pid=TOPGVE296GHNJPHG,11 ,0 ,3.7,FashFun,399,Yes,Yes,Yes,Yes,Yes,#N/A
https://www.flipkart.com/product/p/itme?pid=TOPGVE29ZHVYQ9HG,11 ,0 ,3.7,FashFun,399,Yes,Yes,Yes,Yes,Yes,#N/A
https://www.flipkart.com/product/p/itme?pid=AZTGWER8GY2QEJQT,9,1,2.9,FashFun,399,#N/A,Yes,#N/A,#N/A,#N/A,#N/A
https://www.flipkart.com/product/p/itme?pid=DREGT8CAESFHDZDB,9,1,2.9,FashFun,399,#N/A,#N/A,#N/A,Yes,#N/A,#N/A
https://www.flipkart.com/product/p/itme?pid=TOPH2TTFG9FJ2GUU,9 ,5 ,4.3,FashFun,429,Yes,Yes,Yes,Yes,Yes,#N/A
https://www.flipkart.com/product/p/itme?pid=DREGSJS8BJSR4ZDG,9 ,0 ,3.9,FashFun,449,Yes,Yes,Yes,Yes,Yes,#N/A
https://www.flipkart.com/product/p/itme?pid=SHTHYVVXVB4UGNHZ,9 ,0 ,2.8,FashFun,299,Yes,Yes,#N/A,Yes,Yes,#N/A
https://www.flipkart.com/product/p/itme?pid=TOPH2TT4JAZXRFU7,10 ,1 ,3.3,FashFun,399,Yes,Yes,Yes,Yes,Yes,#N/A
https://www.flipkart.com/product/p/itme?pid=DREHFYQJZ2R58ZHY,12 ,0 ,3.8,FashFun,499,Yes,Yes,Yes,Yes,Yes,#N/A
https://www.flipkart.com/product/p/itme?pid=DREGT8CCGUQTZDUQ,8,1,3.4,FashFun,399,#N/A,#N/A,#N/A,Yes,#N/A,#N/A
https://www.flipkart.com/product/p/itme?pid=AZTGYQ5VDYCHTFJW,8,0,4.1,FashFun,489,Yes,Yes,Yes,Yes,Yes,#N/A
https://www.flipkart.com/product/p/itme?pid=DREGKGFWHMBNGWBP,8,2,3.6,FashFun,489,Yes,#N/A,#N/A,#N/A,#N/A,#N/A
https://www.flipkart.com/product/p/itme?pid=DREGGE75HDCSF36N,8 ,0 ,3.8,FashFun,#N/A,#N/A,#N/A,#N/A,#N/A,#N/A,#N/A
https://www.flipkart.com/product/p/itme?pid=JUMGHQ54KGCW6E8V,8 ,0 ,3.6,FashFun,449,Yes,Yes,Yes,Yes,Yes,#N/A
https://www.flipkart.com/product/p/itme?pid=RUGG3ZDZVGAFA9RM,8 ,1 ,3.9,Serein,389,Yes,Yes,Yes,Yes,Yes,Yes
https://www.flipkart.com/product/p/itme?pid=NSTH2HK4FFRHHBRK,9 ,0 ,3.9,FashFun,499,Yes,Yes,Yes,Yes,Yes,#N/A
https://www.flipkart.com/product/p/itme?pid=DREGZEHRCAYGTRYZ,7 ,0 ,3,FashFun,339,Yes,Yes,Yes,Yes,Yes,#N/A
https://www.flipkart.com/product/p/itme?pid=DREGM7F8DKMVSACM,7 ,0 ,3.3,FashFun,499,Yes,Yes,Yes,Yes,Yes,#N/A
https://www.flipkart.com/product/p/itme?pid=AZTGWH2BCVABUEFS,7,1,4.3,FashFun,489,#N/A,#N/A,Yes,#N/A,#N/A,#N/A
https://www.flipkart.com/product/p/itme?pid=DREGKFDCT55K4KU4,7 ,1 ,3.3,FashFun,339,#N/A,#N/A,#N/A,#N/A,Yes,#N/A
https://www.flipkart.com/product/p/itme?pid=TOPGHKS557FCZWVN,7 ,0 ,2.9,FashFun,399,Yes,Yes,Yes,Yes,Yes,#N/A
https://www.flipkart.com/product/p/itme?pid=SHTGTBRQKKUTKYNB,7 ,3 ,4.6,FashFun,299,Yes,Yes,Yes,Yes,Yes,#N/A
https://www.flipkart.com/product/p/itme?pid=TOPGX6JHJB7YSZJS,7 ,0 ,2,FashFun,399,Yes,Yes,Yes,Yes,Yes,#N/A
https://www.flipkart.com/product/p/itme?pid=ETHGHUHAHZHW6HPK,7 ,0 ,4,FashFun,499,Yes,Yes,Yes,Yes,Yes,#N/A
https://www.flipkart.com/product/p/itme?pid=AZTH3CJFPJRTWGJE,7,1,3.4,FashFun,489,Yes,Yes,Yes,Yes,Yes,#N/A
https://www.flipkart.com/product/p/itme?pid=AZTH3CJFHPMEGHX4,7,1,3.4,FashFun,489,Yes,Yes,Yes,Yes,Yes,#N/A
https://www.flipkart.com/product/p/itme?pid=TOPGZ3NKN4CMAXWZ,6 ,2 ,2.8,FashFun,399,#N/A,#N/A,#N/A,Yes,#N/A,#N/A
https://www.flipkart.com/product/p/itme?pid=DREGZEHRDHHGYUMR,8 ,0 ,2.6,FashFun,339,Yes,Yes,Yes,Yes,Yes,#N/A
https://www.flipkart.com/product/p/itme?pid=SHTH3CMVP4KM38NW,7 ,1 ,4.1,FashFun,399,Yes,Yes,Yes,Yes,Yes,#N/A
https://www.flipkart.com/product/p/itme?pid=SHTH3CMVDPVDEENU,7 ,1 ,4.1,FashFun,399,Yes,Yes,Yes,Yes,Yes,#N/A
https://www.flipkart.com/product/p/itme?pid=SHTH48XGHAZVJD3B,8 ,0 ,2.5,FashFun,399,Yes,Yes,Yes,Yes,Yes,#N/A
https://www.flipkart.com/product/p/itme?pid=TOPH5TE2QZRXXJPV,9 ,5 ,4.1,FashFun,399,Yes,Yes,Yes,Yes,Yes,#N/A
https://www.flipkart.com/product/p/itme?pid=TOPH5TH4AN9GNZUH,9 ,5 ,4.1,FashFun,399,Yes,Yes,Yes,Yes,Yes,#N/A
https://www.flipkart.com/product/p/itme?pid=TOPH5YJH6JZVBH2N,9 ,5 ,4.1,FashFun,399,Yes,Yes,Yes,Yes,Yes,#N/A
https://www.flipkart.com/product/p/itme?pid=AZTGTWWSXHJCPSCA,6,0,2.8,FashFun,489,#N/A,#N/A,#N/A,Yes,#N/A,#N/A
https://www.flipkart.com/product/p/itme?pid=DREGJFDZGZAQJZMC,6 ,0 ,4,FashFun,339,#N/A,#N/A,#N/A,Yes,#N/A,#N/A
https://www.flipkart.com/product/p/itme?pid=TOPGM2BPDGD9U8NJ,6 ,1 ,2.8,FashFun,399,#N/A,Yes,Yes,Yes,#N/A,#N/A
https://www.flipkart.com/product/p/itme?pid=TOPGPZC4FYCHGAR8,6 ,1 ,3.5,FashFun,399,Yes,Yes,Yes,Yes,Yes,#N/A
https://www.flipkart.com/product/p/itme?pid=TOPH257FZKKK2WJA,6 ,1 ,3.5,FashFun,399,Yes,Yes,Yes,Yes,Yes,#N/A
https://www.flipkart.com/product/p/itme?pid=NSTGHU3GDNP9XNMJ,6 ,1 ,3.2,Serein,#N/A,#N/A,#N/A,#N/A,#N/A,#N/A,#N/A
https://www.flipkart.com/product/p/itme?pid=JUMFVMGG73MBH5XQ,6 ,1 ,3.3,Serein,449,#N/A,#N/A,#N/A,Yes,Yes,#N/A
https://www.flipkart.com/product/p/itme?pid=KTAG2FSEVVDCCXYJ,6 ,1 ,2,FashFun,399,Yes,Yes,Yes,Yes,Yes,#N/A
https://www.flipkart.com/product/p/itme?pid=DREGVGEYD2ZBNB68,6 ,1 ,2,FashFun,399,Yes,Yes,Yes,Yes,Yes,#N/A
https://www.flipkart.com/product/p/itme?pid=DREH4TSYREHVEM6M,7 ,1 ,3.6,FashFun,499,Yes,Yes,Yes,Yes,Yes,#N/A
https://www.flipkart.com/product/p/itme?pid=AZTGZ5JSBHNAZTS7,5,0,4.6,FashFun,489,Yes,Yes,Yes,Yes,Yes,#N/A
https://www.flipkart.com/product/p/itme?pid=AZTHFSFXWNDN8CHU,5,5,5,FashFun,899,Yes,Yes,Yes,Yes,Yes,#N/A
https://www.flipkart.com/product/p/itme?pid=DREGZEYXHSGSZMZG,5 ,2 ,4.8,FashFun,399,#N/A,#N/A,Yes,#N/A,Yes,#N/A
https://www.flipkart.com/product/p/itme?pid=DREH2TSFYEWBFK5C,5 ,0 ,3.6,FashFun,499,Yes,Yes,Yes,Yes,Yes,#N/A
https://www.flipkart.com/product/p/itme?pid=TOPGM2BSCDUKS7K3,5 ,0 ,2.6,FashFun,399,#N/A,#N/A,#N/A,Yes,#N/A,#N/A
https://www.flipkart.com/product/p/itme?pid=DREGDF7GKC2XTNA7,5 ,1 ,3,Serein,339,Yes,#N/A,#N/A,#N/A,#N/A,#N/A
https://www.flipkart.com/product/p/itme?pid=AZTGZUFVDAV2KFFY,5,1,3.4,FashFun,399,Yes,Yes,Yes,Yes,Yes,#N/A
https://www.flipkart.com/product/p/itme?pid=DREH3BZYCQJPVZRG,5 ,0 ,3.6,FashFun,399,Yes,Yes,Yes,Yes,Yes,#N/A
https://www.flipkart.com/product/p/itme?pid=DREH3BZY2M3PBPZP,5 ,0 ,3.6,FashFun,399,Yes,Yes,Yes,Yes,Yes,#N/A
https://www.flipkart.com/product/p/itme?pid=RUGH2WWHXMCXHCAM,5 ,0 ,4.8,FashFun,389,Yes,Yes,Yes,Yes,Yes,Yes
https://www.flipkart.com/product/p/itme?pid=SHTGU98MHFWDMWAF,5 ,0 ,4.6,FashFun,299,Yes,Yes,Yes,Yes,Yes,#N/A
https://www.flipkart.com/product/p/itme?pid=SHTGTDPQJEZEKFUQ,5 ,0 ,4.6,FashFun,299,Yes,Yes,Yes,Yes,Yes,#N/A
https://www.flipkart.com/product/p/itme?pid=SHTHFSFZETZ3ZA5N,5 ,0 ,4.2,FashFun,399,Yes,Yes,Yes,Yes,Yes,#N/A
https://www.flipkart.com/product/p/itme?pid=SHTHFSFNGUZ3H8AG,5 ,0 ,4.6,FashFun,299,Yes,Yes,Yes,Yes,Yes,#N/A
https://www.flipkart.com/product/p/itme?pid=AZTGZEDDN5ZQAYUB,4,0,2.5,FashFun,489,#N/A,#N/A,#N/A,Yes,#N/A,#N/A
https://www.flipkart.com/product/p/itme?pid=TOPGX37ZNMAYEXCX,4 ,0 ,2.5,FashFun,399,Yes,Yes,Yes,Yes,Yes,#N/A
https://www.flipkart.com/product/p/itme?pid=ETHGRSZ4HCMTGYQT,4 ,1 ,3.8,FashFun,675,#N/A,Yes,Yes,Yes,#N/A,#N/A
https://www.flipkart.com/product/p/itme?pid=ETHGRSZ4CZ3ZBFKX,4 ,1 ,3.8,FashFun,675,#N/A,Yes,Yes,Yes,#N/A,#N/A
https://www.flipkart.com/product/p/itme?pid=DREGT8CBMJFGVBDN,4,0,2.8,FashFun,489,#N/A,#N/A,#N/A,Yes,#N/A,#N/A
https://www.flipkart.com/product/p/itme?pid=KAFGQXRUDVBSU4RR,4 ,0 ,3,FashFun,#N/A,#N/A,#N/A,#N/A,#N/A,#N/A,#N/A
https://www.flipkart.com/product/p/itme?pid=DREH3BZXPE5GKXGT,4 ,0 ,2.5,FashFun,499,Yes,Yes,Yes,Yes,Yes,#N/A
https://www.flipkart.com/product/p/itme?pid=DREH48Y5JUDEDHPS,4 ,0 ,2.5,FashFun,499,Yes,Yes,Yes,Yes,Yes,#N/A
https://www.flipkart.com/product/p/itme?pid=TOPGN45JNCY3HHDY,4 ,0 ,3.5,FashFun,#N/A,#N/A,#N/A,#N/A,#N/A,#N/A,#N/A
https://www.flipkart.com/product/p/itme?pid=SHTGXM44DDXTUHBY,4 ,0 ,5,FashFun,399,Yes,Yes,Yes,Yes,Yes,#N/A
https://www.flipkart.com/product/p/itme?pid=TOPHYVXUXJ6GUN8V,4 ,0 ,4,FashFun,609,Yes,Yes,Yes,Yes,#N/A,#N/A
https://www.flipkart.com/product/p/itme?pid=ETHGQ3T9TWRUHUZW,4 ,0 ,5,FashFun,499,#N/A,Yes,#N/A,#N/A,#N/A,#N/A
https://www.flipkart.com/product/p/itme?pid=DREGCNS6YM4MQFGK,4 ,0 ,3,Serein,399,Yes,Yes,Yes,Yes,Yes,#N/A
https://www.flipkart.com/product/p/itme?pid=DREGEYU8MNHJEVU5,4 ,0 ,2.8,Serein,399,Yes,Yes,Yes,Yes,Yes,#N/A
https://www.flipkart.com/product/p/itme?pid=DREGEYU3MCW4YQKZ,4 ,0 ,4,Serein,399,Yes,Yes,Yes,Yes,Yes,#N/A
https://www.flipkart.com/product/p/itme?pid=TOPFVXB9HUWYXW2X,4 ,0 ,3.3,Serein,399,Yes,#N/A,#N/A,#N/A,#N/A,#N/A
https://www.flipkart.com/product/p/itme?pid=SHTGX6GVRGHRBHZ2,4 ,0 ,3.8,FashFun,399,Yes,Yes,Yes,Yes,Yes,#N/A
https://www.flipkart.com/product/p/itme?pid=DREGVGEYYCHGTHZP,3 ,0 ,2,FashFun,339,Yes,Yes,Yes,Yes,Yes,#N/A
https://www.flipkart.com/product/p/itme?pid=RUGGQJCVHQDCR5QY,3 ,0 ,4.3,FashFun,389,#N/A,#N/A,#N/A,#N/A,Yes,Yes
https://www.flipkart.com/product/p/itme?pid=TOPGZEHQTPAF3FQH,3 ,0 ,4.3,FashFun,399,#N/A,#N/A,#N/A,Yes,Yes,#N/A
https://www.flipkart.com/product/p/itme?pid=AZTGXATXG93KBKGK,3,0,4.7,FashFun,489,Yes,Yes,Yes,Yes,Yes,#N/A
https://www.flipkart.com/product/p/itme?pid=DREGGF9MQSNGFA7D,3,0,2.3,FashFun,399,#N/A,#N/A,#N/A,Yes,#N/A,#N/A
https://www.flipkart.com/product/p/itme?pid=DREGZEYXRXNZ4USC,3 ,0 ,2.3,FashFun,499,#N/A,#N/A,Yes,#N/A,Yes,#N/A
https://www.flipkart.com/product/p/itme?pid=DREHFSFHW3T46FMW,3 ,0 ,4,FashFun,449,Yes,Yes,Yes,Yes,Yes,#N/A
https://www.flipkart.com/product/p/itme?pid=DREHFSFH5FBFDBEC,3 ,0 ,4,FashFun,449,Yes,Yes,Yes,Yes,Yes,#N/A
https://www.flipkart.com/product/p/itme?pid=DREH2TSCAUBHPZRA,3 ,0 ,5,FashFun,399,Yes,Yes,Yes,Yes,Yes,#N/A
https://www.flipkart.com/product/p/itme?pid=DREGHWHYWAJRZFXQ,3 ,1 ,2.7,FashFun,499,Yes,Yes,#N/A,Yes,Yes,#N/A
https://www.flipkart.com/product/p/itme?pid=JUMGKMNFESBMGECB,3 ,0 ,3.3,FashFun,#N/A,#N/A,#N/A,#N/A,#N/A,#N/A,#N/A
https://www.flipkart.com/product/p/itme?pid=JUMGPZC62HRVCFHJ,3 ,2 ,2.3,FashFun,449,Yes,Yes,Yes,Yes,Yes,#N/A
https://www.flipkart.com/product/p/itme?pid=NSTGMF4U9DESGZCH,3 ,0 ,4,FashFun,625,#N/A,Yes,Yes,Yes,Yes,#N/A
https://www.flipkart.com/product/p/itme?pid=SHTGJFG9AGYG26DT,3 ,1 ,3,FashFun,#N/A,#N/A,#N/A,#N/A,#N/A,#N/A,#N/A
https://www.flipkart.com/product/p/itme?pid=TROGTUJP7QG4VWSK,3 ,1 ,1.3,FashFun,475,Yes,Yes,Yes,Yes,Yes,#N/A
https://www.flipkart.com/product/p/itme?pid=TROGVFVHZXGTWWKD,3 ,1 ,1.3,FashFun,425,Yes,Yes,Yes,Yes,Yes,#N/A
https://www.flipkart.com/product/p/itme?pid=TOPGPZFCRCTWFFYW,3 ,1 ,4.3,FashFun,399,#N/A,Yes,#N/A,#N/A,#N/A,#N/A
https://www.flipkart.com/product/p/itme?pid=RUGGGHGHHVB5HPGQ,3 ,0 ,4.3,FashFun,#N/A,#N/A,#N/A,#N/A,#N/A,#N/A,#N/A
https://www.flipkart.com/product/p/itme?pid=RUGGGSHGRHCDJRKK,3 ,0 ,3,FashFun,389,Yes,#N/A,#N/A,#N/A,#N/A,#N/A
https://www.flipkart.com/product/p/itme?pid=DREFGKDRDJ7WMFFY,3 ,1 ,3,Serein,399,Yes,Yes,Yes,Yes,Yes,#N/A
https://www.flipkart.com/product/p/itme?pid=DREGEYTX5TSAGNZR,3 ,0 ,2.7,Serein,339,Yes,Yes,#N/A,Yes,Yes,#N/A
https://www.flipkart.com/product/p/itme?pid=TOPFVXB96N7ZWFXH,3 ,0 ,3.3,Serein,399,#N/A,#N/A,Yes,#N/A,#N/A,#N/A
https://www.flipkart.com/product/p/itme?pid=TOPGFGJH3YSGDRYR,3 ,0 ,3.7,Serein,#N/A,#N/A,#N/A,#N/A,#N/A,#N/A,#N/A
https://www.flipkart.com/product/p/itme?pid=DREH4QH8FNVERTFF,4 ,0 ,3.5,FashFun,399,Yes,Yes,Yes,Yes,Yes,#N/A
https://www.flipkart.com/product/p/itme?pid=DREGYZY4SSMZVWDR,3 ,0 ,4.3,FashFun,399,Yes,Yes,Yes,Yes,Yes,#N/A
https://www.flipkart.com/product/p/itme?pid=TOPHYVXUGK9C9UGQ,3 ,0 ,3,FashFun,399,Yes,Yes,Yes,Yes,Yes,#N/A
https://www.flipkart.com/product/p/itme?pid=TOPH2TTY6GPQ2GWH,3 ,0 ,2.7,FashFun,399,Yes,Yes,Yes,Yes,Yes,#N/A
https://www.flipkart.com/product/p/itme?pid=SHTH4KJHNVCAHGYF,3 ,0 ,1,FashFun,299,Yes,Yes,Yes,Yes,Yes,#N/A
https://www.flipkart.com/product/p/itme?pid=SHTH4KJHJ8Y6RVWR,3 ,0 ,1,FashFun,299,Yes,Yes,Yes,Yes,Yes,#N/A
https://www.flipkart.com/product/p/itme?pid=SHTH4KJHFEDVGZMT,3 ,0 ,1,FashFun,299,Yes,Yes,Yes,Yes,Yes,#N/A
https://www.flipkart.com/product/p/itme?pid=SHTH4KJHGUUNT3EF,3 ,0 ,1,FashFun,399,Yes,Yes,Yes,Yes,Yes,#N/A
https://www.flipkart.com/product/p/itme?pid=SHTH4KJH92URHMRR,3 ,0 ,1,FashFun,299,Yes,Yes,Yes,Yes,Yes,#N/A
https://www.flipkart.com/product/p/itme?pid=TOPH4TSNQNCKHZ9P,3 ,0 ,3.7,FashFun,609,Yes,Yes,Yes,Yes,Yes,#N/A
https://www.flipkart.com/product/p/itme?pid=SHTH4KJHTUWQRHP9,3 ,0 ,1,FashFun,299,Yes,Yes,Yes,Yes,Yes,#N/A
https://www.flipkart.com/product/p/itme?pid=SHTH4KJHGNHZMCFK,3 ,0 ,1,FashFun,299,Yes,Yes,Yes,Yes,Yes,#N/A
https://www.flipkart.com/product/p/itme?pid=DREGZ7YPJ3B3QNHJ,1 ,1 ,1,FashFun,499,#N/A,#N/A,#N/A,Yes,#N/A,#N/A
https://www.flipkart.com/product/p/itme?pid=TOPGHDXH8DA9XXXG,1 ,1 ,1,FashFun,399,Yes,Yes,Yes,Yes,Yes,#N/A
https://www.flipkart.com/product/p/itme?pid=AZTGZER7NDGW5B8P,0,0,3.3,FashFun,399,Yes,#N/A,#N/A,#N/A,#N/A,#N/A
https://www.flipkart.com/product/p/itme?pid=AZTGZER7P3SAQCU8,0,0,3.3,FashFun,489,#N/A,#N/A,#N/A,#N/A,Yes,#N/A
https://www.flipkart.com/product/p/itme?pid=AZTGZER7JAZJVCWW,0,0,3.3,FashFun,399,#N/A,#N/A,#N/A,#N/A,Yes,#N/A
https://www.flipkart.com/product/p/itme?pid=AZTGZER7AYH4FNQN,0,0,3.3,FashFun,399,#N/A,#N/A,#N/A,#N/A,Yes,#N/A
https://www.flipkart.com/product/p/itme?pid=DREGZEHR2AAPYYFZ,0,0,3.3,FashFun,499,#N/A,#N/A,#N/A,#N/A,Yes,#N/A
https://www.flipkart.com/product/p/itme?pid=DREGZEHRPMJ8UUSH,0,0,3.3,FashFun,339,#N/A,#N/A,#N/A,Yes,#N/A,#N/A
https://www.flipkart.com/product/p/itme?pid=DREGZEHRHPWEJWQU,0,0,3.3,FashFun,399,Yes,Yes,Yes,Yes,Yes,#N/A
https://www.flipkart.com/product/p/itme?pid=DREGZEHRCXBGBGNH,0,0,3.3,FashFun,339,#N/A,#N/A,#N/A,Yes,#N/A,#N/A
https://www.flipkart.com/product/p/itme?pid=DREGZEHRZTQYCZGZ,0,0,3.3,FashFun,399,Yes,Yes,Yes,Yes,Yes,#N/A
https://www.flipkart.com/product/p/itme?pid=DREGZEHRGFU2JGFF,0,0,3.3,FashFun,399,#N/A,Yes,Yes,#N/A,Yes,#N/A
https://www.flipkart.com/product/p/itme?pid=RUGGZEKWU9B4VHP8,0,0,3.3,FashFun,389,#N/A,#N/A,#N/A,#N/A,Yes,#N/A
https://www.flipkart.com/product/p/itme?pid=RUGGZEKVTNHDFN85,0,0,3.3,FashFun,389,#N/A,Yes,Yes,Yes,Yes,Yes
https://www.flipkart.com/product/p/itme?pid=AZTH3J9YXGBNEBQU,0,0,3.3,FashFun,399,#N/A,#N/A,Yes,#N/A,#N/A,#N/A
https://www.flipkart.com/product/p/itme?pid=AZTGUC3KAZ5PP48E,0,0,3.3,FashFun,489,Yes,#N/A,#N/A,#N/A,#N/A,#N/A
https://www.flipkart.com/product/p/itme?pid=AZTGU852HN3NZBDZ,0,0,3.3,FashFun,399,#N/A,#N/A,Yes,#N/A,#N/A,#N/A
https://www.flipkart.com/product/p/itme?pid=AZTH3J8ZQMZTF4HA,0,0,3.3,FashFun,489,Yes,Yes,Yes,Yes,Yes,#N/A
https://www.flipkart.com/product/p/itme?pid=ETHH2AZVGBS7ZAAZ,0,0,3.3,FashFun,775,Yes,Yes,Yes,Yes,Yes,#N/A
https://www.flipkart.com/product/p/itme?pid=ETHH2AZWKTRWA5TH,0,0,3.3,FashFun,899,Yes,Yes,Yes,Yes,Yes,#N/A
https://www.flipkart.com/product/p/itme?pid=ETHH2AZWQUJRTZGQ,0,0,3.3,FashFun,749,Yes,Yes,Yes,Yes,Yes,#N/A
https://www.flipkart.com/product/p/itme?pid=ETHH2BYFH3YGS85F,0,0,3.3,FashFun,899,Yes,Yes,Yes,Yes,Yes,#N/A
https://www.flipkart.com/product/p/itme?pid=ETHH2GGP74HU4TKU,0,0,3.3,FashFun,999,Yes,Yes,Yes,Yes,Yes,#N/A
https://www.flipkart.com/product/p/itme?pid=ETHH2GGPFKBRDABW,0,0,3.3,FashFun,749,Yes,Yes,Yes,Yes,Yes,#N/A
https://www.flipkart.com/product/p/itme?pid=ETHH2GGQPFJBDYXB,0,0,3.3,FashFun,899,Yes,Yes,Yes,Yes,Yes,#N/A
https://www.flipkart.com/product/p/itme?pid=ETHH2GGP2RFFXZZ3,0,0,3.3,FashFun,899,Yes,Yes,Yes,Yes,Yes,#N/A
https://www.flipkart.com/product/p/itme?pid=AZTHFBDEQYCRJZQY,0,0,3.3,FashFun,399,#N/A,#N/A,#N/A,#N/A,Yes,#N/A
https://www.flipkart.com/product/p/itme?pid=DREGVGEYADDMT6GT,0,0,3.3,FashFun,399,Yes,Yes,Yes,Yes,Yes,#N/A
https://www.flipkart.com/product/p/itme?pid=DREGVGEYDQMZW2VJ,0,0,3.3,FashFun,399,Yes,Yes,Yes,Yes,Yes,#N/A
https://www.flipkart.com/product/p/itme?pid=DREGU98MY6ZJJKFJ,0,0,3.3,FashFun,399,#N/A,#N/A,#N/A,#N/A,#N/A,#N/A
https://www.flipkart.com/product/p/itme?pid=DREH4QHKTAF2BXEP,0,0,3.3,FashFun,499,Yes,Yes,Yes,Yes,Yes,#N/A
https://www.flipkart.com/product/p/itme?pid=RUGGWER3BQ3MDHKY,0,0,3.3,FashFun,389,#N/A,#N/A,Yes,#N/A,#N/A,#N/A
https://www.flipkart.com/product/p/itme?pid=RUGGXZ35WTPUGTZF,0,0,3.3,FashFun,389,Yes,Yes,Yes,Yes,#N/A,#N/A
https://www.flipkart.com/product/p/itme?pid=RUGGXZ35JVRSZBUD,0,0,3.3,FashFun,389,Yes,Yes,Yes,Yes,Yes,#N/A
https://www.flipkart.com/product/p/itme?pid=TOPGVE29HGCEAZGH,0,0,3.3,FashFun,399,Yes,#N/A,Yes,Yes,Yes,#N/A
https://www.flipkart.com/product/p/itme?pid=TOPGVHFUJXFZZZ9W,0,0,3.3,FashFun,399,Yes,Yes,#N/A,Yes,Yes,#N/A
https://www.flipkart.com/product/p/itme?pid=TOPGVHFVKUHGQ9ZG,0,0,3.3,FashFun,399,Yes,Yes,Yes,Yes,Yes,#N/A
https://www.flipkart.com/product/p/itme?pid=TOPGX2W4PHVFU67U,0,0,3.3,FashFun,399,Yes,Yes,Yes,Yes,Yes,#N/A
https://www.flipkart.com/product/p/itme?pid=TOPGX37ZVGMU5GF3,0,0,3.3,FashFun,399,Yes,Yes,Yes,Yes,Yes,#N/A
https://www.flipkart.com/product/p/itme?pid=TOPGX6JMHZTCBZTH,0,0,3.3,FashFun,399,Yes,Yes,Yes,Yes,#N/A,#N/A
https://www.flipkart.com/product/p/itme?pid=TOPGX6NDPEZMXQKH,0,0,3.3,FashFun,399,Yes,Yes,Yes,Yes,Yes,#N/A
https://www.flipkart.com/product/p/itme?pid=TOPGX6NDZYKXHYEW,0,0,3.3,FashFun,399,Yes,Yes,Yes,Yes,Yes,#N/A
https://www.flipkart.com/product/p/itme?pid=TOPGXZ2PGDECZ9GP,0,0,3.3,FashFun,399,Yes,Yes,Yes,Yes,Yes,#N/A
https://www.flipkart.com/product/p/itme?pid=DREGHMUZ9DXFJPG2,0,0,3.3,FashFun,489,#N/A,#N/A,#N/A,Yes,#N/A,#N/A
https://www.flipkart.com/product/p/itme?pid=DREGMGPBGKRTG8QV,0,0,3.3,FashFun,489,Yes,Yes,Yes,Yes,Yes,#N/A
https://www.flipkart.com/product/p/itme?pid=DREGMENFXNNRAAUP,0,0,3.3,FashFun,399,#N/A,#N/A,#N/A,Yes,#N/A,#N/A
https://www.flipkart.com/product/p/itme?pid=AZTGU853XZ4KDZ2J,0,0,3.3,FashFun,489,#N/A,#N/A,#N/A,Yes,#N/A,#N/A
https://www.flipkart.com/product/p/itme?pid=AZTGSKUYFTRVSTCR,0,0,3.3,FashFun,399,Yes,#N/A,#N/A,#N/A,#N/A,#N/A
https://www.flipkart.com/product/p/itme?pid=AZTGU852GUYGTPNW,0,0,3.3,FashFun,489,#N/A,#N/A,#N/A,#N/A,Yes,#N/A
https://www.flipkart.com/product/p/itme?pid=AZTGYQ5WGFVDVQ4J,0,0,3.3,FashFun,399,#N/A,Yes,#N/A,#N/A,#N/A,#N/A
https://www.flipkart.com/product/p/itme?pid=AZTGYJH3WJT8VN6J,0,0,3.3,FashFun,489,Yes,Yes,Yes,Yes,Yes,#N/A
https://www.flipkart.com/product/p/itme?pid=AZTHYZ7PW8ZHGX6H,0,0,3.3,FashFun,399,#N/A,Yes,#N/A,#N/A,#N/A,#N/A
https://www.flipkart.com/product/p/itme?pid=AZTHYUMXG2SCVS37,0,0,3.3,FashFun,399,#N/A,#N/A,Yes,#N/A,#N/A,#N/A
https://www.flipkart.com/product/p/itme?pid=AZTHFSFYWT7HY86C,0,0,3.3,FashFun,489,Yes,Yes,Yes,Yes,Yes,#N/A
https://www.flipkart.com/product/p/itme?pid=AZTHFSFYNFZKYRX6,0,0,3.3,FashFun,399,Yes,Yes,Yes,Yes,Yes,#N/A
https://www.flipkart.com/product/p/itme?pid=AZTHFS5VQZHFN94B,0,0,3.3,FashFun,399,#N/A,#N/A,#N/A,#N/A,Yes,#N/A
https://www.flipkart.com/product/p/itme?pid=AZTHFYTDZDEUAT9E,0,0,3.3,FashFun,599,Yes,Yes,Yes,Yes,Yes,#N/A
https://www.flipkart.com/product/p/itme?pid=AZTHFSFYFHVG3FZ7,0,0,3.3,FashFun,399,Yes,Yes,Yes,Yes,Yes,#N/A
https://www.flipkart.com/product/p/itme?pid=AZTHFZJ5AC8V4S4N,0,0,3.3,FashFun,899,Yes,Yes,Yes,Yes,Yes,#N/A
https://www.flipkart.com/product/p/itme?pid=AZTHFYT6PKJ4TRKH,0,0,3.3,FashFun,599,#N/A,#N/A,Yes,#N/A,#N/A,#N/A
https://www.flipkart.com/product/p/itme?pid=AZTH3CJF46VKCZWA,0,0,3.3,FashFun,599,Yes,Yes,Yes,Yes,Yes,#N/A
https://www.flipkart.com/product/p/itme?pid=AZTH3CJFQHZXYZBN,0,0,3.3,FashFun,599,Yes,Yes,Yes,Yes,Yes,#N/A
https://www.flipkart.com/product/p/itme?pid=ETHH4W8G8FJPHWPK,0,0,3.3,FashFun,749,Yes,Yes,Yes,Yes,Yes,#N/A
https://www.flipkart.com/product/p/itme?pid=ETHH4W9YGEVHYBXC,0,0,3.3,FashFun,749,Yes,Yes,Yes,Yes,Yes,#N/A
https://www.flipkart.com/product/p/itme?pid=AZTH4B49ZZS84ZK3,0,0,3.3,FashFun,399,#N/A,#N/A,Yes,#N/A,#N/A,#N/A
https://www.flipkart.com/product/p/itme?pid=AZTH48ZPFVUEKCDY,0,0,3.3,FashFun,489,Yes,Yes,Yes,Yes,Yes,#N/A
https://www.flipkart.com/product/p/itme?pid=AZTH49YHPC57F3FQ,3,0,3.7,FashFun,489,Yes,Yes,Yes,Yes,Yes,#N/A
https://www.flipkart.com/product/p/itme?pid=AZTH4TTFSNPGMQSF,5,0,3,FashFun,489,Yes,Yes,Yes,Yes,Yes,#N/A
https://www.flipkart.com/product/p/itme?pid=AZTH53XERCGK8SAX,0,0,3.3,FashFun,399,Yes,Yes,Yes,Yes,Yes,#N/A
https://www.flipkart.com/product/p/itme?pid=AZTH53XEKSDEFWZB,0,0,3.3,FashFun,399,Yes,Yes,Yes,Yes,Yes,#N/A
https://www.flipkart.com/product/p/itme?pid=AZTH53Y7ZHD3PJFW,0,0,3.3,FashFun,399,Yes,Yes,Yes,Yes,Yes,#N/A
https://www.flipkart.com/product/p/itme?pid=AZTH5Q8TUYZWM38K,0,0,3.3,FashFun,489,Yes,Yes,Yes,Yes,Yes,#N/A
https://www.flipkart.com/product/p/itme?pid=AZTH5Q8SFUZH6AWK,0,0,3.3,FashFun,599,Yes,Yes,Yes,Yes,Yes,#N/A
https://www.flipkart.com/product/p/itme?pid=AZTH5Q8STCNWPKHG,0,0,3.3,FashFun,489,Yes,Yes,Yes,Yes,Yes,#N/A
https://www.flipkart.com/product/p/itme?pid=AZTH5Q8THMZDHZF6,0,0,3.3,FashFun,599,Yes,Yes,Yes,Yes,Yes,#N/A
https://www.flipkart.com/product/p/itme?pid=DREGKFDC6EYYYSNZ,0,0,3.3,FashFun,489,#N/A,#N/A,#N/A,Yes,#N/A,#N/A
https://www.flipkart.com/product/p/itme?pid=DREGGF9HKXCHHKX6,0,0,3.3,FashFun,399,Yes,#N/A,#N/A,#N/A,Yes,#N/A
https://www.flipkart.com/product/p/itme?pid=DREGJFDZWAZT3YXS,0,0,3.3,FashFun,449,Yes,Yes,Yes,Yes,Yes,#N/A
https://www.flipkart.com/product/p/itme?pid=DREGKFDFRYFAGRPF,0,0,3.3,FashFun,399,Yes,Yes,Yes,Yes,Yes,#N/A
https://www.flipkart.com/product/p/itme?pid=DREGKFDCXHMGZGGB,0,0,0,FashFun,#N/A,#N/A,#N/A,#N/A,#N/A,#N/A,#N/A
https://www.flipkart.com/product/p/itme?pid=DREGHRA2RBY6VGYB,0,0,3.3,FashFun,339,#N/A,Yes,#N/A,#N/A,#N/A,#N/A
https://www.flipkart.com/product/p/itme?pid=DREGHRA3HTHYVZEB,0,0,3.3,FashFun,339,#N/A,#N/A,#N/A,#N/A,Yes,#N/A
https://www.flipkart.com/product/p/itme?pid=DREGHRA2UZBPGH55,0,0,3.3,FashFun,339,#N/A,#N/A,Yes,#N/A,#N/A,#N/A
https://www.flipkart.com/product/p/itme?pid=DREGMFKXEKNSTPYM,0,0,3.3,FashFun,399,Yes,Yes,Yes,Yes,Yes,#N/A
https://www.flipkart.com/product/p/itme?pid=DREGMFKZJYWKQVHV,0,0,0,FashFun,#N/A,#N/A,#N/A,#N/A,#N/A,#N/A,#N/A
https://www.flipkart.com/product/p/itme?pid=DREGM7YFDCKKDHD2,0,0,0,FashFun,#N/A,#N/A,#N/A,#N/A,#N/A,#N/A,#N/A
https://www.flipkart.com/product/p/itme?pid=DREGM7XFBCUG7QXJ,0,0,3.3,FashFun,399,#N/A,#N/A,#N/A,Yes,Yes,#N/A
https://www.flipkart.com/product/p/itme?pid=DREGZFDYBYAJGZEH,0,0,3.3,FashFun,399,Yes,Yes,Yes,Yes,Yes,#N/A
https://www.flipkart.com/product/p/itme?pid=DREGZ7F73GKFTSTC,0,0,3.3,FashFun,499,#N/A,Yes,#N/A,#N/A,Yes,#N/A
https://www.flipkart.com/product/p/itme?pid=DREGZCG9BZK5ZE9X,0,0,3.3,FashFun,399,Yes,Yes,Yes,Yes,Yes,#N/A
https://www.flipkart.com/product/p/itme?pid=DREGZCG9WMGVBF2Z,0,0,3.3,FashFun,399,#N/A,#N/A,Yes,Yes,Yes,#N/A
https://www.flipkart.com/product/p/itme?pid=DREGZFY7UZTSRSZN,0,0,3.3,FashFun,339,#N/A,#N/A,#N/A,Yes,#N/A,#N/A
https://www.flipkart.com/product/p/itme?pid=DREGZEYXP7QSGFQ5,0,0,3.3,FashFun,499,#N/A,#N/A,#N/A,Yes,#N/A,#N/A
https://www.flipkart.com/product/p/itme?pid=DREGZEYXQ2UNBCA7,0,0,3.3,FashFun,339,#N/A,Yes,#N/A,#N/A,#N/A,#N/A
https://www.flipkart.com/product/p/itme?pid=DREGZFY9WUAMZCX3,0,0,0,FashFun,#N/A,#N/A,#N/A,#N/A,#N/A,#N/A,#N/A
https://www.flipkart.com/product/p/itme?pid=DREGRMFGQFFH2YEH,0,0,3.3,FashFun,399,Yes,Yes,Yes,Yes,Yes,#N/A
https://www.flipkart.com/product/p/itme?pid=DREGRMFZCVQJH9HZ,0,0,3.3,FashFun,399,Yes,Yes,Yes,Yes,Yes,#N/A
https://www.flipkart.com/product/p/itme?pid=DREGRMFJAHHUWNWB,0,0,3.3,FashFun,399,Yes,Yes,Yes,Yes,Yes,#N/A
https://www.flipkart.com/product/p/itme?pid=DREGSJS8GUSZ7GFZ,0,0,3.3,FashFun,399,#N/A,#N/A,Yes,#N/A,#N/A,#N/A
https://www.flipkart.com/product/p/itme?pid=DREGSJT82GCRN2VN,0,0,3.3,FashFun,399,#N/A,#N/A,#N/A,#N/A,#N/A,#N/A
https://www.flipkart.com/product/p/itme?pid=DREGU85HRNAXBJQC,0,0,3.3,FashFun,399,Yes,Yes,Yes,Yes,Yes,#N/A
https://www.flipkart.com/product/p/itme?pid=DREGTAGYNXGZ9TQJ,0,0,3.3,FashFun,399,Yes,Yes,Yes,Yes,Yes,#N/A
https://www.flipkart.com/product/p/itme?pid=DREGTAGYXTHQCRRQ,0,0,3.3,FashFun,399,Yes,Yes,Yes,Yes,Yes,#N/A
https://www.flipkart.com/product/p/itme?pid=DREGWTYQMWBHRCXJ,0,0,3.3,FashFun,619,Yes,Yes,Yes,Yes,#N/A,#N/A
https://www.flipkart.com/product/p/itme?pid=DREGXM3QF7RZUR2G,0,0,3.3,FashFun,399,Yes,Yes,Yes,Yes,Yes,#N/A
https://www.flipkart.com/product/p/itme?pid=DREGXM3VBNN37D5Z,0,0,3.3,FashFun,399,Yes,Yes,Yes,Yes,Yes,#N/A
https://www.flipkart.com/product/p/itme?pid=DREGXM3QUTYGQTVD,0,0,3.3,FashFun,399,Yes,Yes,Yes,Yes,Yes,#N/A
https://www.flipkart.com/product/p/itme?pid=DREGYZY4RF2FQGGY,0,0,3.3,FashFun,399,Yes,Yes,Yes,Yes,Yes,#N/A
https://www.flipkart.com/product/p/itme?pid=DREGYZY4PWHE38EU,0,0,3.3,FashFun,339,Yes,Yes,Yes,Yes,Yes,#N/A
https://www.flipkart.com/product/p/itme?pid=DREGYPRVEG6FJGFR,0,0,3.3,FashFun,339,Yes,Yes,Yes,Yes,Yes,#N/A
https://www.flipkart.com/product/p/itme?pid=DREGYZY4FZEFSCG3,0,0,3.3,FashFun,449,Yes,Yes,Yes,Yes,Yes,#N/A
https://www.flipkart.com/product/p/itme?pid=DREHYUN4EPNNZCJK,0,0,3.3,FashFun,399,Yes,Yes,Yes,Yes,Yes,#N/A
https://www.flipkart.com/product/p/itme?pid=DREHYUZ2NAXPZBDP,0,0,3.3,FashFun,399,Yes,Yes,Yes,Yes,Yes,#N/A
https://www.flipkart.com/product/p/itme?pid=DREHYUN4Y8PQC2DH,0,0,3.3,FashFun,399,Yes,Yes,Yes,Yes,Yes,#N/A
https://www.flipkart.com/product/p/itme?pid=DREHYUN4CZTHFXUD,0,0,3.3,FashFun,399,Yes,Yes,Yes,Yes,Yes,#N/A
https://www.flipkart.com/product/p/itme?pid=DREHYUZFH6D64MP6,0,0,3.3,FashFun,399,Yes,Yes,Yes,Yes,Yes,#N/A
https://www.flipkart.com/product/p/itme?pid=DREHFSFB4GQEUYG7,0,0,3.3,FashFun,449,Yes,Yes,Yes,Yes,Yes,#N/A
https://www.flipkart.com/product/p/itme?pid=DREH23AB9PD6RPYD,0,0,3.3,FashFun,399,Yes,Yes,Yes,Yes,Yes,#N/A
https://www.flipkart.com/product/p/itme?pid=DREH2TU5HPW64JUX,0,0,3.3,FashFun,619,Yes,Yes,Yes,Yes,Yes,#N/A
https://www.flipkart.com/product/p/itme?pid=DREH2TU6HFXZHTSQ,0,0,3.3,FashFun,499,Yes,Yes,Yes,Yes,Yes,#N/A
https://www.flipkart.com/product/p/itme?pid=DREH2TSGUC8DH5E7,0,0,3.3,FashFun,499,Yes,Yes,Yes,Yes,Yes,#N/A
https://www.flipkart.com/product/p/itme?pid=DREH3BZX9A3J4AHS,0,0,3.3,FashFun,399,Yes,Yes,Yes,Yes,Yes,#N/A
https://www.flipkart.com/product/p/itme?pid=DREH3CGDKHGS4YV4,0,0,3.3,FashFun,499,Yes,Yes,Yes,Yes,Yes,#N/A
https://www.flipkart.com/product/p/itme?pid=DREH3BZXGRMA9NWM,0,0,3.3,FashFun,499,Yes,Yes,Yes,Yes,Yes,#N/A
https://www.flipkart.com/product/p/itme?pid=DREH3CGNKQNAWFYZ,0,0,3.3,FashFun,449,Yes,Yes,Yes,Yes,Yes,#N/A
https://www.flipkart.com/product/p/itme?pid=DREH3BZXSWCHETXJ,0,0,3.3,FashFun,399,Yes,Yes,Yes,Yes,Yes,#N/A
https://www.flipkart.com/product/p/itme?pid=DREH48Y6GGH8HVS6,0,0,3.3,FashFun,399,Yes,Yes,Yes,Yes,Yes,#N/A
https://www.flipkart.com/product/p/itme?pid=DREH48Y6NM3JQEWJ,0,0,3.3,FashFun,399,Yes,Yes,Yes,Yes,Yes,#N/A
https://www.flipkart.com/product/p/itme?pid=DREH48YFG5BG2HHJ,0,0,3.3,FashFun,619,Yes,Yes,Yes,Yes,#N/A,#N/A
https://www.flipkart.com/product/p/itme?pid=DREH48ZHZGCAKGCP,0,0,3.3,FashFun,449,Yes,Yes,Yes,Yes,Yes,#N/A
https://www.flipkart.com/product/p/itme?pid=DREH543GZ6ZWGM5Z,0,0,3.3,FashFun,449,Yes,Yes,Yes,Yes,Yes,#N/A
https://www.flipkart.com/product/p/itme?pid=DREH543H8HHG49NY,0,0,3.3,FashFun,399,Yes,Yes,Yes,Yes,Yes,#N/A
https://www.flipkart.com/product/p/itme?pid=DREGHWHW6HAGBNRK,0,0,0,FashFun,#N/A,#N/A,#N/A,#N/A,#N/A,#N/A,#N/A
https://www.flipkart.com/product/p/itme?pid=DREGHWGEZNGKXAPS,0,0,3.3,FashFun,399,Yes,Yes,Yes,Yes,Yes,#N/A
https://www.flipkart.com/product/p/itme?pid=RUGGZ6ZHFS9FZAAR,0,0,3.3,FashFun,389,Yes,Yes,Yes,Yes,Yes,Yes
https://www.flipkart.com/product/p/itme?pid=RUGGX9MHWNGNHDGG,0,0,3.3,FashFun,389,Yes,#N/A,Yes,#N/A,Yes,#N/A
https://www.flipkart.com/product/p/itme?pid=BZRGXN4ARAPV4WYH,0,0,3.3,FashFun,379,Yes,Yes,Yes,Yes,#N/A,#N/A
https://www.flipkart.com/product/p/itme?pid=BZRGXN4A7CW85QEN,0,0,3.3,FashFun,379,Yes,Yes,Yes,Yes,Yes,#N/A
https://www.flipkart.com/product/p/itme?pid=JUMGKG7GWB5YEF3S,0,0,3.3,FashFun,449,#N/A,#N/A,#N/A,#N/A,Yes,#N/A
https://www.flipkart.com/product/p/itme?pid=JUMGHQ53VMSGNYHX,0,0,3.3,FashFun,449,Yes,Yes,Yes,Yes,Yes,#N/A
https://www.flipkart.com/product/p/itme?pid=TOPH2V2WHQUVWXUC,0,0,3.3,FashFun,399,Yes,Yes,Yes,Yes,Yes,Yes
https://www.flipkart.com/product/p/itme?pid=KTAGZCK5BRCRVSZG,0,0,3.3,FashFun,450,Yes,Yes,Yes,Yes,Yes,#N/A
https://www.flipkart.com/product/p/itme?pid=KTAGSJT4ZYHK9GDE,0,0,3.3,FashFun,450,#N/A,#N/A,#N/A,Yes,#N/A,#N/A
https://www.flipkart.com/product/p/itme?pid=KTAHFGY7EKPYYH64,0,0,3.3,FashFun,425,Yes,Yes,Yes,Yes,Yes,#N/A
https://www.flipkart.com/product/p/itme?pid=KTAHFGY7G3YQQEHF,0,0,3.3,FashFun,450,Yes,Yes,Yes,Yes,Yes,#N/A
https://www.flipkart.com/product/p/itme?pid=NSTGGFAQYBSBECEU,0,0,0,FashFun,#N/A,#N/A,#N/A,#N/A,#N/A,#N/A,#N/A
https://www.flipkart.com/product/p/itme?pid=NSTGTBU89SRUVGDJ,0,0,3.3,FashFun,499,#N/A,#N/A,#N/A,#N/A,Yes,#N/A
https://www.flipkart.com/product/p/itme?pid=SHTGKFF3NZT2BK8C,0,0,3.3,FashFun,399,Yes,#N/A,#N/A,#N/A,#N/A,#N/A
https://www.flipkart.com/product/p/itme?pid=TOPGKG33HEHNUGDT,0,0,3.3,FashFun,399,#N/A,Yes,#N/A,#N/A,#N/A,#N/A
https://www.flipkart.com/product/p/itme?pid=TOPGHDY7XGD6NZAF,0,0,3.3,FashFun,399,Yes,Yes,Yes,Yes,Yes,#N/A
https://www.flipkart.com/product/p/itme?pid=TOPGHDXG6NKEZJKA,0,0,3.3,FashFun,399,#N/A,#N/A,Yes,#N/A,#N/A,#N/A
https://www.flipkart.com/product/p/itme?pid=TOPGHKSGTGJJTS2D,0,0,3.3,FashFun,399,Yes,Yes,Yes,Yes,#N/A,#N/A
https://www.flipkart.com/product/p/itme?pid=TOPGHHQDVGFESQ8G,0,0,3.3,FashFun,399,#N/A,#N/A,Yes,Yes,Yes,#N/A
https://www.flipkart.com/product/p/itme?pid=TOPGHRAUY4Y6AHYV,0,0,3.3,FashFun,399,Yes,#N/A,Yes,#N/A,Yes,#N/A
https://www.flipkart.com/product/p/itme?pid=TOPGHSBRZPZYHDHT,0,0,3.3,FashFun,399,Yes,Yes,Yes,Yes,Yes,#N/A
https://www.flipkart.com/product/p/itme?pid=TOPGHSBRDQZWEM2N,0,0,3.3,FashFun,399,Yes,Yes,Yes,Yes,Yes,#N/A
https://www.flipkart.com/product/p/itme?pid=TOPGM2BRQUEX6YQN,0,0,0,FashFun,#N/A,#N/A,#N/A,#N/A,#N/A,#N/A,#N/A
https://www.flipkart.com/product/p/itme?pid=TOPGMMEGSQJWSJ59,0,0,3.3,FashFun,399,#N/A,#N/A,#N/A,Yes,#N/A,#N/A
https://www.flipkart.com/product/p/itme?pid=TOPGZ3NKSGQNWGRG,0,0,3.3,FashFun,399,Yes,Yes,Yes,Yes,Yes,#N/A
https://www.flipkart.com/product/p/itme?pid=TOPGZ3NKEZHDJDYQ,0,0,3.3,FashFun,399,Yes,Yes,Yes,Yes,Yes,#N/A
https://www.flipkart.com/product/p/itme?pid=TOPGZ8VFKYGP43VW,0,0,3.3,FashFun,399,Yes,Yes,Yes,Yes,Yes,#N/A
https://www.flipkart.com/product/p/itme?pid=TOPGZFWHEGQDZS8G,0,0,3.3,FashFun,399,Yes,Yes,Yes,Yes,Yes,#N/A
https://www.flipkart.com/product/p/itme?pid=TOPGZFWHYC4F4W4T,0,0,3.3,FashFun,399,#N/A,#N/A,#N/A,Yes,#N/A,#N/A
https://www.flipkart.com/product/p/itme?pid=TOPGZFWZF9PZTG2C,0,0,3.3,FashFun,399,Yes,#N/A,#N/A,#N/A,#N/A,#N/A
https://www.flipkart.com/product/p/itme?pid=TOPGZFWGDECUVGYN,0,0,3.3,FashFun,399,Yes,Yes,Yes,Yes,Yes,#N/A
https://www.flipkart.com/product/p/itme?pid=TOPGZFWGZKJXNAVY,0,0,3.3,FashFun,399,Yes,Yes,Yes,Yes,Yes,#N/A
https://www.flipkart.com/product/p/itme?pid=TOPGZFWHBF2ZPGZQ,0,0,3.3,FashFun,399,Yes,Yes,Yes,Yes,Yes,#N/A
https://www.flipkart.com/product/p/itme?pid=TOPGPZC4GNHF3Q7C,0,0,3.3,FashFun,399,#N/A,Yes,#N/A,#N/A,#N/A,#N/A
https://www.flipkart.com/product/p/itme?pid=TOPGPZC43ZEJERZY,0,0,3.3,FashFun,399,Yes,Yes,Yes,Yes,Yes,#N/A
https://www.flipkart.com/product/p/itme?pid=TOPGPZC4ZXJMRMPP,0,0,3.3,FashFun,399,Yes,Yes,Yes,Yes,Yes,#N/A
https://www.flipkart.com/product/p/itme?pid=TOPGRZH6VRCRYGAN,0,0,3.3,FashFun,399,Yes,Yes,Yes,Yes,Yes,#N/A
https://www.flipkart.com/product/p/itme?pid=SHTGRMCXGBPZYVSU,0,0,3.3,FashFun,299,Yes,Yes,Yes,Yes,Yes,#N/A
https://www.flipkart.com/product/p/itme?pid=TOPGSJUBTVNWHR8X,0,0,0,FashFun,#N/A,#N/A,#N/A,#N/A,#N/A,#N/A,#N/A
https://www.flipkart.com/product/p/itme?pid=TOPGS3YFWSKTAW62,0,0,3.3,FashFun,399,Yes,Yes,Yes,Yes,Yes,#N/A
https://www.flipkart.com/product/p/itme?pid=SHTGTBRPXVFJ57G8,0,0,3.3,FashFun,299,#N/A,Yes,#N/A,#N/A,#N/A,#N/A
https://www.flipkart.com/product/p/itme?pid=TOPGTGFYYJ9GPMCC,0,0,3.3,FashFun,399,Yes,Yes,Yes,Yes,Yes,#N/A
https://www.flipkart.com/product/p/itme?pid=TOPGTWZYVGYENXAQ,0,0,3.3,FashFun,399,Yes,Yes,Yes,Yes,Yes,#N/A
https://www.flipkart.com/product/p/itme?pid=TOPGTXJKAHHZMWGT,0,0,3.3,FashFun,399,Yes,Yes,Yes,Yes,Yes,#N/A
https://www.flipkart.com/product/p/itme?pid=TOPGTWZY9HHFYGT2,0,0,3.3,FashFun,399,#N/A,Yes,#N/A,#N/A,#N/A,#N/A
https://www.flipkart.com/product/p/itme?pid=TOPGTUHBRPHGB5CF,0,0,3.3,FashFun,399,#N/A,#N/A,#N/A,#N/A,Yes,#N/A
https://www.flipkart.com/product/p/itme?pid=SHTGX6GPAJXRVGYD,0,0,3.3,FashFun,450,Yes,Yes,Yes,Yes,Yes,#N/A
https://www.flipkart.com/product/p/itme?pid=SHTGX6GPJCMHYHD5,0,0,3.3,FashFun,459,Yes,Yes,Yes,Yes,Yes,#N/A
https://www.flipkart.com/product/p/itme?pid=SHTGX6GQYRHPGYXM,0,0,3.3,FashFun,450,Yes,Yes,Yes,Yes,Yes,#N/A
https://www.flipkart.com/product/p/itme?pid=SHTGX6GPZAZHRFE2,0,0,3.3,FashFun,429,Yes,Yes,Yes,Yes,Yes,#N/A
https://www.flipkart.com/product/p/itme?pid=TOPGXN3RY8HFGHXU,0,0,3.3,FashFun,399,Yes,Yes,Yes,Yes,Yes,#N/A
https://www.flipkart.com/product/p/itme?pid=TOPGXN5FCPJ8CHWY,0,0,3.3,FashFun,399,Yes,Yes,Yes,Yes,Yes,#N/A
https://www.flipkart.com/product/p/itme?pid=TOPGYHHZGZ8QHGXG,0,0,3.3,FashFun,399,Yes,Yes,Yes,Yes,Yes,#N/A
https://www.flipkart.com/product/p/itme?pid=TOPHYZ7TYTGP2XVX,0,0,3.3,FashFun,399,Yes,Yes,Yes,Yes,Yes,#N/A
https://www.flipkart.com/product/p/itme?pid=TOPHYVXUQYAZ3UX3,0,0,3.3,FashFun,399,Yes,Yes,Yes,Yes,Yes,#N/A
https://www.flipkart.com/product/p/itme?pid=TOPHYVXUZGKCEA7C,0,0,3.3,FashFun,609,Yes,Yes,Yes,Yes,#N/A,#N/A
https://www.flipkart.com/product/p/itme?pid=TOPHYVXUTJ26JFCS,0,0,3.3,FashFun,609,Yes,Yes,Yes,Yes,#N/A,#N/A
https://www.flipkart.com/product/p/itme?pid=TOPHYVXUKYGHZXHE,0,0,3.3,FashFun,609,Yes,Yes,Yes,Yes,#N/A,#N/A
https://www.flipkart.com/product/p/itme?pid=TOPHYVXUZEQEKZAJ,0,0,3.3,FashFun,609,Yes,Yes,Yes,Yes,#N/A,#N/A
https://www.flipkart.com/product/p/itme?pid=TOPHYVXUJZHFWZHH,0,0,3.3,FashFun,609,Yes,Yes,Yes,Yes,#N/A,#N/A
https://www.flipkart.com/product/p/itme?pid=SHTHFYQDVZ7UZ38D,0,0,3.3,FashFun,299,Yes,Yes,Yes,Yes,Yes,#N/A
https://www.flipkart.com/product/p/itme?pid=SHTHFYQDGXJECEHH,0,0,3.3,FashFun,299,Yes,Yes,Yes,Yes,Yes,#N/A
https://www.flipkart.com/product/p/itme?pid=TOPH23DTGFYASWWH,0,0,3.3,FashFun,429,Yes,Yes,Yes,Yes,Yes,#N/A
https://www.flipkart.com/product/p/itme?pid=TOPHFSFRASCSDRYV,0,0,3.3,FashFun,399,Yes,Yes,Yes,Yes,Yes,#N/A
https://www.flipkart.com/product/p/itme?pid=TOPHFYQQN8RMY2TC,0,0,3.3,FashFun,399,Yes,Yes,Yes,Yes,Yes,#N/A
https://www.flipkart.com/product/p/itme?pid=TOPH2TT4GRSVRM9W,0,0,3.3,FashFun,609,Yes,Yes,Yes,Yes,Yes,#N/A
https://www.flipkart.com/product/p/itme?pid=TOPH2TT4GTZEZ6TZ,0,0,3.3,FashFun,399,Yes,Yes,Yes,Yes,Yes,#N/A
https://www.flipkart.com/product/p/itme?pid=TOPH2TT2NZNSXGZZ,0,0,3.3,FashFun,399,Yes,Yes,Yes,Yes,Yes,#N/A
https://www.flipkart.com/product/p/itme?pid=TOPH3CJXUNCXPHZH,0,0,3.3,FashFun,399,Yes,Yes,Yes,Yes,Yes,#N/A
https://www.flipkart.com/product/p/itme?pid=SHTH3CMVK3HM5QU6,0,0,3.3,FashFun,299,Yes,Yes,Yes,Yes,Yes,#N/A
https://www.flipkart.com/product/p/itme?pid=SHTH3CMVYY5TKHXF,0,0,3.3,FashFun,299,Yes,Yes,Yes,Yes,Yes,#N/A
https://www.flipkart.com/product/p/itme?pid=TOPH492VCZMWEE8S,0,0,3.3,FashFun,399,Yes,Yes,Yes,Yes,Yes,#N/A
https://www.flipkart.com/product/p/itme?pid=TOPH496ZJV7BBNZM,0,0,3.3,FashFun,399,Yes,Yes,Yes,Yes,Yes,#N/A
https://www.flipkart.com/product/p/itme?pid=SHTH48XGKP4HTD3K,0,0,3.3,FashFun,299,Yes,Yes,Yes,Yes,Yes,#N/A
https://www.flipkart.com/product/p/itme?pid=TOPH4WA59Y7JU7UT,0,0,3.3,FashFun,399,Yes,Yes,Yes,Yes,Yes,#N/A
https://www.flipkart.com/product/p/itme?pid=SHTH56DXUYAAGVJT,0,0,3.3,FashFun,399,Yes,Yes,Yes,Yes,Yes,#N/A
https://www.flipkart.com/product/p/itme?pid=SHTH56Z7NCWRRNWX,0,0,3.3,FashFun,299,Yes,Yes,Yes,Yes,Yes,#N/A
https://www.flipkart.com/product/p/itme?pid=SHTH56DXHCXGJDYY,0,0,3.3,FashFun,299,Yes,Yes,Yes,Yes,Yes,#N/A
https://www.flipkart.com/product/p/itme?pid=SHTH56DXANGCM9SP,0,0,3.3,FashFun,399,Yes,Yes,Yes,Yes,Yes,#N/A
https://www.flipkart.com/product/p/itme?pid=TOPH54FG3ZRCHCS5,0,0,3.3,FashFun,399,Yes,Yes,Yes,Yes,Yes,#N/A
https://www.flipkart.com/product/p/itme?pid=TOPH54FGPPR7MHU8,0,0,3.3,FashFun,399,Yes,Yes,Yes,Yes,Yes,#N/A
https://www.flipkart.com/product/p/itme?pid=TOPH54FHDHDYGCHG,0,0,3.3,FashFun,399,Yes,Yes,Yes,Yes,Yes,#N/A
https://www.flipkart.com/product/p/itme?pid=TOPH542Z5NYDJHGA,0,0,3.3,FashFun,399,Yes,Yes,Yes,Yes,Yes,#N/A
https://www.flipkart.com/product/p/itme?pid=TOPH542ZCBABSSNE,0,0,3.3,FashFun,399,Yes,Yes,Yes,Yes,Yes,#N/A
https://www.flipkart.com/product/p/itme?pid=TOPH5TE2SZW3DM5H,0,0,3.3,FashFun,429,Yes,Yes,Yes,Yes,#N/A,#N/A
https://www.flipkart.com/product/p/itme?pid=TOPH5TE2CGM4CPGH,0,0,3.3,FashFun,609,Yes,Yes,Yes,Yes,#N/A,#N/A
https://www.flipkart.com/product/p/itme?pid=TOPH5TH4QKQZAQZ6,0,0,3.3,FashFun,399,Yes,Yes,Yes,Yes,Yes,#N/A
https://www.flipkart.com/product/p/itme?pid=JUMGZEJ7FYEAKXSW,4 ,0 ,4,FashFun,449,Yes,Yes,Yes,Yes,Yes,#N/A
https://www.flipkart.com/product/p/itme?pid=TOPFGKBMSCGGGUYG,0,0,3.3,Serein,399,Yes,Yes,Yes,Yes,Yes,#N/A
https://www.flipkart.com/product/p/itme?pid=ETHGQ2V7CRCV9GRT,0,0,3.3,FashFun,695,#N/A,#N/A,#N/A,Yes,#N/A,#N/A
https://www.flipkart.com/product/p/itme?pid=AZTH5E5ZXEGAGYJG,0,0,3.3,FashFun,489,Yes,Yes,#N/A,#N/A,Yes,#N/A
https://www.flipkart.com/product/p/itme?pid=AZTH4SPHBWKNXTJH,0,0,3.3,FashFun,399,Yes,Yes,Yes,Yes,Yes,#N/A
https://www.flipkart.com/product/p/itme?pid=AZTH4YKNSJ4ST2CN,0,0,3.3,FashFun,399,#N/A,#N/A,#N/A,#N/A,Yes,#N/A
https://www.flipkart.com/product/p/itme?pid=DREFZZU2FGDDCURF,0,0,3.3,Serein,339,#N/A,#N/A,Yes,#N/A,#N/A,#N/A
https://www.flipkart.com/product/p/itme?pid=DREG37GYHHMS28NX,0,0,3.3,Serein,339,Yes,Yes,#N/A,#N/A,Yes,#N/A
https://www.flipkart.com/product/p/itme?pid=DREG4GY4XTNXEYHM,0,0,0,Serein,#N/A,#N/A,#N/A,#N/A,#N/A,#N/A,#N/A
https://www.flipkart.com/product/p/itme?pid=DREG9J5WYYQWDU7F,0,0,3.3,Serein,339,#N/A,#N/A,#N/A,#N/A,Yes,#N/A
https://www.flipkart.com/product/p/itme?pid=DREGBTGFGG4BZCCQ,0,0,3.3,Serein,499,#N/A,#N/A,Yes,Yes,#N/A,#N/A
https://www.flipkart.com/product/p/itme?pid=DREGBTGYXBUFSWXH,0,0,3.3,Serein,339,#N/A,#N/A,#N/A,#N/A,Yes,#N/A
https://www.flipkart.com/product/p/itme?pid=DREGDF7HKJZZD5TS,0,0,3.3,Serein,399,Yes,#N/A,#N/A,#N/A,#N/A,#N/A
https://www.flipkart.com/product/p/itme?pid=DREGEYTUHD4HRTFA,0,0,3.3,Serein,339,#N/A,#N/A,#N/A,Yes,#N/A,#N/A
https://www.flipkart.com/product/p/itme?pid=DREGFGHQNG4JFWCD,0,0,0,Serein,#N/A,#N/A,#N/A,#N/A,#N/A,#N/A,#N/A
https://www.flipkart.com/product/p/itme?pid=DREGG3UGCEATZHNA,0,0,0,Serein,#N/A,#N/A,#N/A,#N/A,#N/A,#N/A,#N/A
https://www.flipkart.com/product/p/itme?pid=TOPFWJHZZCEZQM4Z,0,0,3.3,Serein,399,Yes,#N/A,#N/A,#N/A,#N/A,#N/A
https://www.flipkart.com/product/p/itme?pid=JUMFZ73AUPKHSAZG,0,0,3.3,Serein,449,#N/A,#N/A,#N/A,Yes,#N/A,#N/A
https://www.flipkart.com/product/p/itme?pid=KTAGG4Y7Z74SXYHP,0,0,0,Serein,#N/A,#N/A,#N/A,#N/A,#N/A,#N/A,#N/A
https://www.flipkart.com/product/p/itme?pid=TOPG5YCYGVFTUSK4,0,0,0,Serein,#N/A,#N/A,#N/A,#N/A,#N/A,#N/A,#N/A
https://www.flipkart.com/product/p/itme?pid=TOPG7H8VNDHA4HFW,0,0,3.3,Serein,399,#N/A,#N/A,#N/A,Yes,#N/A,#N/A
https://www.flipkart.com/product/p/itme?pid=TOPGDGEFTDXWGEH9,0,0,3.3,Serein,399,Yes,Yes,Yes,Yes,Yes,#N/A
https://www.flipkart.com/product/p/itme?pid=AZTH5E5ZHMC7VGEP,0,0,3.3,FashFun,399,Yes,#N/A,#N/A,Yes,Yes,#N/A
https://www.flipkart.com/product/p/itme?pid=TROGG78BRU3QKTMP,0,0,3.3,Serein,475,Yes,Yes,Yes,Yes,Yes,#N/A
https://www.flipkart.com/product/p/itme?pid=TOPH36Y45XHYCTFZ,0,0,3.3,FashFun,609,Yes,Yes,Yes,Yes,#N/A,#N/A
https://www.flipkart.com/product/p/itme?pid=DREH75D8YKWAJ9KG,0,0,3.3,FashFun,699,Yes,Yes,Yes,Yes,Yes,#N/A
https://www.flipkart.com/product/p/itme?pid=JUMH75DWFUHBDJYW,0,0,3.3,FashFun,699,Yes,Yes,Yes,Yes,Yes,#N/A
https://www.flipkart.com/product/p/itme?pid=DREH75D8DUC6ZEXT,0,0,3.3,FashFun,699,Yes,Yes,Yes,Yes,Yes,#N/A
https://www.flipkart.com/product/p/itme?pid=RUGH75GZPFYGWPJZ,0,0,3.3,FashFun,389,Yes,Yes,Yes,Yes,Yes,Yes
https://www.flipkart.com/product/p/itme?pid=TOPH75DHUYMQ57JR,0,0,3.3,FashFun,399,Yes,Yes,Yes,Yes,Yes,#N/A
https://www.flipkart.com/product/p/itme?pid=DREH75D87HDQ8SWE,0,0,3.3,FashFun,499,Yes,Yes,Yes,Yes,Yes,#N/A
https://www.flipkart.com/product/p/itme?pid=TOPH75DHRWJN5HRH,0,0,3.3,FashFun,399,Yes,Yes,Yes,Yes,Yes,#N/A
https://www.flipkart.com/product/p/itme?pid=TOPH75DHQS3RNCCU,0,0,3.3,FashFun,399,Yes,Yes,Yes,Yes,Yes,#N/A
https://www.flipkart.com/product/p/itme?pid=RUGH75GZ4DDBCE77,0,0,3.3,FashFun,389,Yes,Yes,Yes,Yes,Yes,Yes
https://www.flipkart.com/product/p/itme?pid=DREH75D7UUEAH8GW,0,0,3.3,FashFun,499,Yes,Yes,Yes,Yes,Yes,#N/A
https://www.flipkart.com/product/p/itme?pid=RUGH75GZ47DCZ42A,0,0,3.3,FashFun,389,Yes,Yes,Yes,Yes,Yes,Yes
https://www.flipkart.com/product/p/itme?pid=RUGH75GHMYTWHEZB,0,0,3.3,FashFun,389,Yes,Yes,Yes,Yes,Yes,Yes
https://www.flipkart.com/product/p/itme?pid=DREH6U9GRGCG4DXZ,0,0,3.3,FashFun,399,Yes,Yes,Yes,Yes,Yes,#N/A
https://www.flipkart.com/product/p/itme?pid=DREH75D7HEXWVVYH,0,0,3.3,FashFun,399,Yes,Yes,Yes,Yes,Yes,#N/A
https://www.flipkart.com/product/p/itme?pid=RUGH75GZF6GDAKYH,0,0,3.3,FashFun,389,Yes,Yes,Yes,Yes,Yes,Yes
https://www.flipkart.com/product/p/itme?pid=TROH76CJRYC7QEPM,0,0,3.3,FashFun,399,Yes,Yes,Yes,Yes,Yes,#N/A
https://www.flipkart.com/product/p/itme?pid=RUGH75GZPSSTY2UQ,0,0,3.3,FashFun,389,Yes,Yes,Yes,Yes,Yes,Yes
https://www.flipkart.com/product/p/itme?pid=RUGH75GHVKHRSPU8,0,0,3.3,FashFun,389,Yes,Yes,Yes,Yes,Yes,Yes
https://www.flipkart.com/product/p/itme?pid=TOPH77MCDVDX5WMY,0,0,3.3,FashFun,425,Yes,Yes,Yes,Yes,Yes,#N/A
https://www.flipkart.com/product/p/itme?pid=AZTH75BCFXYKVAC4,0,0,3.3,FashFun,599,Yes,#N/A,#N/A,#N/A,#N/A,#N/A
https://www.flipkart.com/product/p/itme?pid=AZTH75BCPWG66GMC,0,0,3.3,FashFun,489,Yes,#N/A,#N/A,#N/A,#N/A,#N/A
https://www.flipkart.com/product/p/itme?pid=AZTH75BBT3YHUFYG,0,0,3.3,FashFun,599,Yes,Yes,Yes,Yes,Yes,#N/A
https://www.flipkart.com/product/p/itme?pid=AZTH75BBYFJGGYRZ,0,0,3.3,FashFun,489,#N/A,#N/A,#N/A,Yes,#N/A,#N/A
https://www.flipkart.com/product/p/itme?pid=DREH75D7SND7KGCD,0,0,3.3,FashFun,619,Yes,Yes,Yes,Yes,Yes,#N/A
https://www.flipkart.com/product/p/itme?pid=RUGH75GZHKMGS8G5,0,0,3.3,FashFun,389,Yes,Yes,Yes,Yes,Yes,Yes
https://www.flipkart.com/product/p/itme?pid=SHTH78P6DTQXAWHZ,0,0,3.3,FashFun,425,Yes,Yes,Yes,Yes,Yes,#N/A
https://www.flipkart.com/product/p/itme?pid=TOPH78QHUH9CYZHQ,0,0,3.3,FashFun,425,Yes,Yes,Yes,Yes,Yes,#N/A
https://www.flipkart.com/product/p/itme?pid=SHTH78P6QGZEHGU2,0,0,3.3,FashFun,425,Yes,Yes,Yes,Yes,Yes,#N/A
https://www.flipkart.com/product/p/itme?pid=TOPH78QG7TD2QEQE,0,0,3.3,FashFun,425,Yes,Yes,Yes,Yes,Yes,#N/A
https://www.flipkart.com/product/p/itme?pid=TOPH78QGFKVZCZFT,0,0,3.3,FashFun,399,Yes,Yes,Yes,Yes,Yes,#N/A
https://www.flipkart.com/product/p/itme?pid=SHTH78P6YNPBVRCA,0,0,3.3,FashFun,399,Yes,Yes,Yes,Yes,Yes,#N/A
https://www.flipkart.com/product/p/itme?pid=AZTH75BCBUHAHYRR,0,0,3.3,FashFun,489,#N/A,#N/A,#N/A,#N/A,Yes,#N/A
https://www.flipkart.com/product/p/itme?pid=TOPH77MDZFSVSCWZ,0,0,3.3,FashFun,399,Yes,Yes,Yes,Yes,Yes,#N/A
https://www.flipkart.com/product/p/itme?pid=TOPH77MCGB8ETHYH,0,0,3.3,FashFun,399,Yes,Yes,Yes,Yes,Yes,#N/A
https://www.flipkart.com/product/p/itme?pid=TOPH77MDH7EXBZXP,0,0,3.3,FashFun,399,Yes,Yes,Yes,Yes,Yes,#N/A
https://www.flipkart.com/product/p/itme?pid=TOPH77MCTGMEYBY3,0,0,3.3,FashFun,399,Yes,Yes,Yes,Yes,Yes,#N/A
https://www.flipkart.com/product/p/itme?pid=TOPH77MDXKQUSJQC,0,0,3.3,FashFun,425,Yes,Yes,Yes,Yes,Yes,#N/A
https://www.flipkart.com/product/p/itme?pid=DREHFB6WMZZT2FTA,0,0,3.3,Ann Springs,399,#N/A,#N/A,Yes,#N/A,#N/A,#N/A
https://www.flipkart.com/product/p/itme?pid=TOPH77MDCDVGNKCX,0,0,3.3,FashFun,425,Yes,Yes,Yes,Yes,Yes,#N/A
https://www.flipkart.com/product/p/itme?pid=DREH75D8NQ2J9PB8,0,0,3.3,FashFun,399,Yes,Yes,Yes,Yes,Yes,#N/A
https://www.flipkart.com/product/p/itme?pid=DREH75D8ZBEDGCVY,0,0,3.3,FashFun,499,Yes,Yes,Yes,Yes,Yes,#N/A
https://www.flipkart.com/product/p/itme?pid=RUGH75GZGH5RMMSW,0,0,3.3,FashFun,389,Yes,Yes,Yes,Yes,Yes,Yes
https://www.flipkart.com/product/p/itme?pid=DREH75D7Z7ZDBHPN,0,0,3.3,FashFun,499,Yes,Yes,Yes,Yes,Yes,#N/A
https://www.flipkart.com/product/p/itme?pid=TOPH75DHZRQJMPJQ,0,0,3.3,FashFun,399,Yes,Yes,Yes,Yes,Yes,#N/A
https://www.flipkart.com/product/p/itme?pid=DREH75D8MJYUGGAB,0,0,3.3,FashFun,499,Yes,Yes,Yes,Yes,Yes,#N/A
https://www.flipkart.com/product/p/itme?pid=DREH75D7KSRCZUSH,0,0,3.3,FashFun,499,Yes,Yes,Yes,Yes,Yes,#N/A
https://www.flipkart.com/product/p/itme?pid=DREH75D7RPUHAG36,0,0,3.3,FashFun,399,Yes,Yes,Yes,Yes,Yes,#N/A
https://www.flipkart.com/product/p/itme?pid=DREHFB7MGCRFY9GJ,0,0,3.3,Ann Springs,499,#N/A,#N/A,#N/A,#N/A,Yes,#N/A
https://www.flipkart.com/product/p/itme?pid=AZTH75BCEDCRYGMZ,0,0,3.3,FashFun,875,#N/A,#N/A,Yes,#N/A,#N/A,#N/A
https://www.flipkart.com/product/p/itme?pid=JUMH75DW8FSESGB9,0,0,3.3,FashFun,699,Yes,Yes,Yes,Yes,Yes,#N/A
https://www.flipkart.com/product/p/itme?pid=DREHFB7MA83V9FH9,0,0,3.3,Ann Springs,699,#N/A,#N/A,#N/A,Yes,#N/A,#N/A
